win,duration,champion_id,gold_per_min,damage_per_min,kda_ratio
0,1295,94,582.3,3452.34,2.38
0,1295,172,724.4,5010.21,4.0
0,1295,140,583.6,2986.52,2.31
0,1352,83,477.07,3165.22,1.22
0,1352,148,477.07,3109.7,1.83
1,1464,83,585.04,4169.1,1.91
1,1464,148,584.43,4101.11,3.5
1,1521,83,424.62,3856.77,2.4
1,1521,148,719.45,2717.83,1.38
0,1805,133,423.19,4664.38,2.5
0,1805,75,321.97,1940.24,2.6
1,1549,133,514.4,6214.09,19.0
1,1549,96,371.5,1616.82,9.0
0,1376,109,552.91,4766.47,1.8
0,1376,104,544.06,1083.36,4.5
1,1484,148,647.3,1437.61,3.4
1,1484,83,735.04,5517.65,2.86
0,1641,95,442.41,523.33,0.43
0,1641,98,429.62,1200.84,0.43
0,1361,85,463.29,2395.72,1.0
0,1361,165,551.86,2901.12,1.83
1,1371,15,660.57,4061.75,6.29
1,1371,158,632.78,2552.39,5.12
0,1384,160,282.66,1422.53,0.25
0,1384,38,359.0,4967.43,1.0
0,1384,53,489.88,809.18,0.75
0,1726,164,340.67,3029.27,1.17
0,1726,46,225.96,629.34,0.33
0,1726,26,340.67,897.15,1.17
0,1379,136,315.79,975.32,3.33
0,1379,37,315.79,1347.8,2.5
0,1379,153,576.5,671.88,1.4
1,1702,1,736.78,3387.32,3.2
1,1702,28,794.95,4147.9,12.5
1,1702,96,901.59,2669.89,3.29
1,1205,163,934.11,11463.98,5.25
1,1205,154,971.45,2249.48,5.0
0,1487,159,282.45,2555.31,1.14
0,1487,145,321.63,854.53,1.29
1,1220,92,687.89,5119.52,4.2
1,1220,139,690.2,1719.74,7.29
0,1047,55,598.51,2460.46,1.75
0,1047,171,695.7,2672.84,2.4
0,1101,54,825.94,7597.87,2.62
0,1101,105,623.43,2157.38,3.09
1,1099,153,776.23,5125.33,4.15
1,1099,89,698.54,3487.04,3.83
1,1028,47,801.01,7204.61,7.43
1,1028,137,785.84,4442.1,8.33
0,1305,81,597.01,2985.2,9.4
0,1305,84,609.43,2563.36,5.62
0,1082,62,730.48,4271.31,3.45
0,1082,122,580.92,1604.03,4.56
0,998,21,647.86,2745.57,2.22
0,998,74,608.42,1176.67,3.88
1,1622,70,596.45,1580.38,4.4
1,1622,121,762.36,7238.73,4.15
0,1641,11,228.52,1153.75,0.29
0,1641,117,228.52,808.96,0.29
1,1273,123,630.02,1143.49,5.78
1,1273,28,785.61,7276.59,8.17
1,118,83,1018.98,496.27,3.0
1,118,21,1185.25,1856.44,4.0
1,1361,17,717.09,2513.61,3.27
1,1361,62,751.83,4915.77,2.92
0,1389,161,291.58,739.83,0.57
0,1389,161,647.95,3008.81,4.25
0,1389,18,647.95,1450.97,3.4
1,1589,66,783.74,5217.58,3.29
1,1589,86,689.11,1965.39,2.86
1,1564,78,731.2,4639.1,3.4
1,1564,158,729.48,1222.67,1.6
1,1320,109,951.27,9044.18,2.87
1,1320,70,613.18,2424.55,2.55
0,1610,80,799.27,5758.47,6.27
0,1610,86,585.58,2469.02,12.0
1,1681,84,653.43,3910.85,3.21
1,1681,9,679.1,3474.75,2.24
1,874,41,789.89,3752.81,5.33
1,874,166,685.13,1018.01,10.25
1,1512,172,853.37,5670.48,6.0
1,1512,164,849.21,1856.03,2.67
1,1584,69,1013.71,5344.17,3.12
1,1584,104,634.02,2742.05,8.67
1,1454,45,577.72,2545.21,4.0
1,1454,32,665.41,1301.35,1.88
1,1512,41,621.39,4264.4,2.5
1,1512,73,680.63,1479.09,1.62
0,1430,30,607.13,2711.79,1.0
0,1430,14,462.59,1133.62,1.33
1,1584,57,691.29,6965.8,3.0
1,1584,104,785.98,3572.99,6.0
0,526,71,749.54,2123.84,2.67
0,526,92,805.89,2381.75,4.17
0,1489,153,425.32,2157.02,1.14
0,1489,43,425.96,4231.27,1.5
1,1445,136,446.37,1863.11,3.5
1,1445,41,446.37,4631.96,2.6
1,1256,11,644.9,7523.93,1.3
1,1256,76,646.67,4403.07,2.8
0,1425,107,315.79,3927.79,0.62
0,1425,154,463.16,277.73,0.57
1,1656,96,905.8,8612.28,4.4
1,1656,152,905.8,2940.91,3.0
1,1513,59,902.18,6279.97,3.0
1,1513,75,743.56,1692.37,2.62
1,1087,151,815.77,6301.1,9.0
1,1087,135,667.18,2667.21,5.0
1,1369,45,717.85,5724.76,11.75
1,1369,18,628.27,4549.39,2.77
1,873,28,873.61,4419.31,9.0
1,873,101,661.86,1289.9,8.0
0,1547,97,272.66,1487.12,1.0
0,1547,43,271.49,722.79,0.86
1,1482,37,914.98,5021.34,4.6
1,1287,24,769.7,5597.39,2.67
1,1287,151,700.0,4713.61,2.0
1,1595,24,721.88,5809.54,5.2
1,1595,171,905.83,3226.12,3.43
1,1560,148,605.77,2725.46,3.6
1,1560,31,607.31,2238.92,2.11
1,1585,148,621.84,3846.4,3.33
1,1585,28,526.11,4561.74,3.0
0,1445,32,449.27,3237.59,1.71
0,1445,43,448.44,969.76,2.14
0,1315,148,650.19,4752.14,2.2
0,1315,139,467.68,1759.07,2.2
1,1299,25,797.69,5111.78,2.83
1,1299,95,704.39,921.06,3.4
1,1578,148,864.56,3643.16,5.75
1,1578,145,1140.0,2423.76,2.2
0,1436,24,413.65,2662.6,1.17
1,1456,153,865.38,3745.71,6.0
0,1456,35,236.95,240.0,0.0
0,1513,37,307.34,1901.88,1.29
0,1513,167,555.19,847.73,1.43
0,1539,142,428.85,1109.43,0.88
0,1539,107,272.9,365.22,0.67
0,1172,166,204.78,162.49,1.0
0,1172,148,204.78,560.43,1.33
0,1172,46,204.78,665.48,1.0
1,1541,150,496.43,3880.03,1.18
0,1541,148,399.09,1446.35,1.38
0,1541,31,436.94,1180.26,0.83
0,1148,83,222.65,704.9,0.67
0,1148,148,195.99,598.22,0.25
0,1148,141,222.13,287.35,1.25
1,1686,82,430.6,5720.5,2.8
1,1686,100,504.09,7701.92,2.14
0,1686,26,249.47,285.77,0.67
0,1359,65,497.13,2286.93,0.86
0,1359,93,455.85,5278.94,1.83
0,1359,3,613.25,1510.24,1.29
1,1430,70,440.98,1664.22,1.8
1,1430,121,440.56,3551.33,1.22
1,1498,113,981.95,4227.64,2.25
1,1498,27,1113.36,7053.56,6.0
1,1347,64,778.62,4739.15,7.33
1,1347,136,933.18,4493.23,12.5
1,2192,54,392.08,5936.22,1.71
1,2192,173,315.66,2173.36,1.44
1,1006,21,561.17,4929.36,10.0
1,1006,50,318.43,785.25,12.0
0,1379,171,744.23,5549.72,8.83
0,1379,37,592.82,3260.19,5.33
0,598,54,324.58,2676.72,0.0
0,598,70,208.8,459.13,0.0
1,2035,109,568.19,7241.13,4.29
1,2035,70,326.65,1069.0,7.5
0,2196,133,442.46,5926.48,3.3
0,2196,96,531.97,3317.95,3.0
0,974,109,358.4,2636.18,0.67
0,974,97,228.05,523.55,1.0
1,1358,71,502.8,8466.1,19.0
1,1358,8,345.24,3782.03,2.67
1,2035,165,410.36,8218.05,3.0
1,2035,136,441.52,2609.31,5.4
1,1397,169,876.81,11664.7,25.0
0,1397,2,323.62,1142.53,1.14
1,1472,136,560.46,2950.8,3.0
1,1472,158,468.75,1194.05,2.14
1,1488,165,552.74,7209.23,3.2
0,1488,103,384.92,979.27,1.0
1,1473,65,998.37,9366.76,4.67
0,1473,68,275.56,925.25,0.71
1,1600,60,740.62,6413.77,5.5
1,1600,84,688.12,1426.39,5.5
0,1545,169,440.0,4736.16,2.6
1,1545,59,828.54,2455.11,3.43
1,1497,167,551.5,3745.25,3.2
0,1497,77,420.84,2029.74,1.71
1,1812,24,614.24,3768.31,7.5
1,1389,149,745.27,6570.84,2.67
1,1499,142,550.37,7748.57,3.4
1,1577,61,760.94,5319.04,4.0
0,1577,46,247.31,596.23,0.33
1,1399,70,485.53,4343.03,2.67
0,1399,24,472.67,728.75,1.25
1,1458,135,567.0,2993.25,2.2
0,1458,112,607.24,890.21,1.57
1,1757,108,495.57,2428.48,1.25
1,1757,95,367.31,839.28,1.83
0,1572,136,744.66,2286.37,2.6
0,1572,68,744.27,1177.44,1.33
1,1493,142,804.55,15986.6,3.0
1,1493,76,804.55,1495.34,11.5
1,1670,80,379.69,4830.22,2.2
1,1670,84,377.68,767.43,1.83
1,1633,40,679.73,6462.99,3.8
1,1633,18,771.59,2462.9,1.9
1,1306,147,712.1,4720.06,2.12
1,1306,59,712.1,3343.42,1.5
0,1396,166,290.11,538.19,0.67
0,1396,60,290.11,883.5,0.75
1,1474,55,691.99,5584.11,3.33
0,1474,153,417.23,1408.98,2.0
0,1480,63,427.7,5514.45,1.43
0,1480,42,423.77,655.7,1.14
1,1449,121,601.82,5303.11,3.8
1,1449,147,564.22,2922.86,2.25
1,1202,140,717.3,7362.38,2.29
1,1202,4,620.97,2558.44,2.8
1,1553,9,676.92,3638.09,3.6
1,1553,152,676.11,2122.95,3.0
1,1499,162,673.29,5088.99,5.0
1,1499,45,755.54,4458.13,4.0
0,1565,76,373.99,2106.52,1.67
1,1565,78,540.58,3434.11,2.67
1,1565,47,618.33,3932.55,2.29
0,1302,140,495.62,1156.91,1.17
1,1302,57,902.53,13533.69,3.8
1,1302,58,899.31,1217.14,3.8
1,1593,155,406.33,1805.12,2.0
0,1593,7,235.4,923.16,0.43
0,1593,19,235.97,412.2,0.5
0,1260,4,326.19,1416.38,1.5
1,1260,9,524.86,3366.62,5.0
1,1260,75,526.67,1452.14,3.0
1,1611,28,692.77,6996.65,5.75
1,1611,57,690.88,2087.19,1.46
0,1645,13,439.66,2050.25,2.5
0,1645,111,523.15,946.29,1.33
0,1324,165,441.84,2304.74,1.5
0,1324,16,441.84,533.61,0.88
1,1411,112,712.94,4004.95,3.67
1,1411,109,593.96,3344.73,2.83
1,1491,134,818.91,6206.2,5.4
1,1491,72,412.47,2185.51,1.29
1,1369,41,624.98,4730.75,5.0
1,1369,118,756.03,2389.44,25.0
1,1339,95,616.13,3482.15,3.0
1,1339,44,481.7,1495.07,1.36
0,1320,74,454.55,3003.18,1.83
0,1320,118,181.82,825.68,0.8
0,1508,151,278.51,1201.39,0.86
0,1508,41,278.51,1434.99,1.0
0,1508,84,278.51,603.42,0.57
0,1447,116,447.24,2377.9,1.25
0,1447,13,549.99,3420.46,1.57
0,1446,65,462.66,6884.48,1.1
0,1446,139,529.05,2811.16,1.83
1,1339,96,840.45,4154.65,5.5
1,1339,165,728.69,6279.66,10.5
1,1533,19,412.72,1484.15,2.0
1,1533,80,543.84,7612.76,5.25
1,1533,70,540.7,2399.33,3.6
1,1529,23,451.67,2238.8,1.89
1,1529,24,728.52,4374.31,5.75
1,1529,51,452.65,1535.83,3.0
1,1387,10,839.22,9174.25,8.0
1,1387,101,973.32,3312.03,8.0
0,1387,164,410.96,1382.86,1.4
0,1256,57,347.58,2197.69,1.0
0,1256,173,335.59,1396.43,1.25
0,1256,47,342.75,1112.2,0.71
1,1447,156,767.31,6313.27,6.5
1,1447,122,767.73,2145.82,8.67
0,1447,95,290.26,1273.23,0.67
0,1447,72,290.26,466.03,0.5
0,1319,74,591.36,4896.07,1.14
0,1319,166,443.52,475.41,1.33
1,1169,64,551.75,3493.65,2.14
1,1169,107,552.01,847.75,1.62
0,1634,1,413.32,1031.2,1.0
0,1634,107,248.0,498.36,0.38
1,1626,113,405.9,3897.42,2.0
1,1626,16,405.9,1220.33,2.14
0,1476,29,446.06,1806.91,0.43
0,1476,14,274.47,847.72,0.43
0,1527,18,433.4,1227.7,0.33
0,1527,4,255.99,223.81,0.33
1,1486,142,890.31,9128.4,3.67
0,1486,153,403.77,1232.54,2.2
0,1473,4,505.09,4491.41,1.33
1,1362,110,451.81,1990.26,1.71
0,1362,169,275.59,1313.74,0.33
1,1362,112,638.77,1428.59,1.62
1,1453,11,1125.26,8540.48,3.25
1,1453,159,879.56,6518.77,2.83
1,1453,144,433.59,1425.63,1.43
0,1428,95,636.13,2663.74,1.86
0,1428,145,510.76,3144.16,1.44
0,1428,133,496.85,3187.61,3.0
0,1495,65,421.81,1946.09,1.1
0,1495,28,421.61,2261.26,2.17
0,1462,170,430.92,1926.2,2.0
0,1462,83,430.92,3544.43,1.5
0,1390,95,258.99,782.59,0.14
0,1390,98,259.38,976.1,0.17
1,1464,83,430.33,2259.92,2.33
1,1464,151,430.33,3008.69,2.33
0,1497,18,512.83,2410.98,0.86
0,1497,147,402.81,5696.23,0.75
0,1471,113,602.37,1261.79,2.2
0,1471,71,441.05,2406.97,2.17
1,1594,22,824.34,2844.99,4.4
1,1594,83,824.34,7431.76,6.25
1,1383,30,629.07,3301.91,1.86
1,1312,42,898.63,11106.86,2.14
0,1366,38,523.35,6006.98,2.6
1,1494,105,552.21,3098.43,5.25
1,1379,80,857.49,9456.68,4.0
0,1179,33,882.95,8087.28,3.2
1,614,24,693.62,4422.12,12.0
1,1325,157,899.46,12307.11,29.0
1,1325,173,738.75,7169.98,2.62
1,1244,170,714.36,6185.69,3.33
1,1244,136,811.54,5552.32,5.2
0,1323,152,711.29,5742.09,2.4
0,1323,54,809.98,6874.1,1.67
1,1479,137,624.5,3677.0,1.08
1,1479,133,746.57,5586.65,3.14
1,1210,8,625.14,3233.7,1.67
1,1210,109,765.62,8186.98,3.0
0,1409,110,746.15,5930.21,2.2
0,1409,123,611.84,2909.34,2.25
1,627,2,928.52,7134.26,16.0
1,627,123,686.12,1734.83,9.5
1,1949,156,444.91,6764.11,23.0
0,952,159,609.08,2585.42,1.11
0,952,74,599.43,2900.17,3.2
0,1375,110,664.41,5114.84,0.8
0,1375,139,793.44,5844.74,2.08
0,1251,92,515.11,2502.78,0.6
0,1251,114,662.01,4094.63,3.2
1,2368,19,248.84,908.56,3.86
1,1378,136,413.56,2079.19,19.0
0,2916,159,418.5,8632.78,2.18
0,1648,151,380.46,4940.79,0.88
1,1952,9,451.51,4087.84,5.6
1,1920,137,382.16,5839.44,3.75
0,1630,24,408.55,5765.26,1.83
0,2245,28,385.95,7162.61,3.2
1,1234,156,394.96,4236.47,11.0
1,1079,13,744.41,4973.38,2.67
1,1079,121,802.3,9052.6,7.0
0,1007,57,708.56,4471.82,0.81
0,1007,98,713.98,2333.51,1.64
0,819,141,657.44,3759.27,1.0
0,819,100,702.71,4806.96,0.67
0,1565,87,515.62,5290.39,0.44
0,1565,24,555.83,3164.89,1.5
0,2671,109,460.55,6713.28,1.77
0,2671,123,271.81,1319.03,3.0
1,1083,149,748.48,6593.41,2.0
1,1083,18,772.3,7757.89,3.5
0,1540,109,532.56,4549.29,1.75
0,1697,109,492.45,3977.68,1.31
0,1697,76,297.88,1998.7,1.73
1,2342,29,487.3,8716.47,2.58
1,2342,139,377.88,1986.89,6.22
0,2056,51,385.54,7062.67,2.78
0,2056,123,284.5,697.53,2.3
1,1358,51,451.02,8182.44,13.0
1,1358,74,289.04,1056.63,6.5
0,1743,159,373.53,6482.34,1.33
0,1743,75,303.75,2334.63,2.4
1,1249,65,680.85,3793.21,1.71
1,1249,156,1048.63,10482.61,2.0
1,1211,39,516.02,3781.64,3.33
1,1211,26,401.87,1485.73,2.0
0,1869,26,589.92,4174.29,1.18
0,1869,118,605.17,4170.69,1.36
1,922,6,799.39,5963.49,7.33
1,922,24,977.25,8837.77,25.0
0,1027,17,557.35,1219.81,1.5
0,1027,153,804.83,6945.92,2.0
0,991,38,766.26,6595.64,0.5
0,991,96,821.35,5159.39,1.33
1,1022,32,719.53,3707.96,3.0
1,1022,123,662.88,2496.34,6.33
1,837,67,622.37,4150.47,0.4
1,837,172,760.29,5553.41,1.29
1,1267,140,687.32,4082.51,3.67
1,1267,117,736.62,4723.8,6.0
0,1338,3,615.02,3272.42,2.82
0,1338,96,654.08,2461.3,2.36
0,1338,133,604.8,4147.0,2.67
0,1163,41,595.31,2838.16,1.93
0,1163,148,797.59,5384.88,3.08
0,1163,151,653.09,3775.15,2.17
1,869,83,744.72,3509.28,5.0
1,869,4,888.12,4804.35,4.71
1,869,50,652.47,1129.64,17.0
0,988,138,736.21,4011.13,1.11
0,988,25,741.86,5674.92,1.44
0,988,18,603.95,3283.24,0.9
1,1108,158,753.95,6397.31,0.6
1,1108,13,735.49,7204.06,2.0
1,1108,96,653.29,4968.63,0.5
0,1097,116,771.19,5384.36,1.0
0,1097,100,694.51,3485.2,1.73
0,1097,153,834.91,7221.11,2.25
0,1128,39,695.74,4180.32,1.5
0,1128,28,750.53,8776.44,3.5
0,1128,73,699.36,5611.7,0.89
1,1148,1,788.15,5097.18,2.33
1,1148,157,811.78,8311.88,3.12
1,1148,152,785.28,6103.69,1.27
1,499,140,876.19,4044.29,3.0
1,499,47,822.81,5092.91,2.0
1,499,50,731.18,3036.31,4.0
1,1132,59,723.6,6071.13,1.1
1,1132,170,734.15,8166.36,2.0
1,1132,81,658.52,3405.8,3.5
0,655,2,700.58,3493.37,3.0
0,655,149,570.78,3603.48,0.33
0,655,58,610.17,2892.27,1.67
0,1308,147,648.72,5419.5,1.15
0,1308,159,806.51,5787.71,1.93
1,1346,76,649.48,4816.0,1.08
1,1346,172,813.34,6239.82,4.0
1,1231,171,601.27,2131.68,5.25
1,1231,94,772.01,10799.56,3.6
1,1140,160,849.05,9730.37,5.0
1,1140,76,612.63,3051.16,2.43
1,830,116,748.41,5597.64,1.33
1,830,49,609.83,2677.88,8.0
1,1298,50,640.08,3480.0,4.14
1,1298,51,913.5,9579.29,5.67
1,977,83,719.51,4797.36,3.67
1,977,96,872.12,7802.27,6.67
0,1038,116,704.05,4555.9,0.91
0,1038,157,827.86,8522.49,2.43
0,581,23,578.21,2193.77,1.33
0,581,165,672.7,2769.6,2.25
0,1132,153,625.55,4939.45,0.75
0,1132,80,792.72,6994.72,2.6
1,1028,71,601.98,3966.13,1.17
1,1028,29,969.75,10638.79,5.33
1,1949,158,499.61,10634.62,4.4
1,781,18,743.35,4421.1,2.6
1,781,161,897.31,6720.15,25.0
1,1399,84,659.27,2995.8,3.45
1,1399,29,1026.09,13368.29,2.79
1,1463,151,867.81,11407.3,11.0
1,1463,97,570.1,1349.2,1.0
0,1133,151,558.59,5213.96,3.5
0,1133,97,493.03,1352.2,1.75
1,667,50,628.79,1486.33,13.0
1,667,151,1055.89,9784.05,18.0
1,1440,167,604.17,3693.83,1.91
1,1440,156,1058.54,16427.17,6.0
1,924,21,859.42,4968.9,5.0
1,924,156,971.17,9651.43,5.75
0,908,12,684.12,3651.87,1.4
0,908,117,679.23,3836.1,1.88
0,999,137,751.95,4235.2,3.0
0,999,51,984.8,5324.56,4.83
1,1012,1,778.16,4886.98,9.5
1,1012,41,887.25,7450.67,4.2
1,1144,78,740.61,4533.41,4.0
1,1144,4,849.49,7977.53,4.0
0,1166,13,817.72,7699.97,2.0
1,1048,119,710.21,6194.31,0.12
1,1048,156,985.82,7695.06,3.17
0,1214,76,815.09,5728.37,2.12
0,1214,96,769.52,6228.63,2.12
1,1158,163,727.88,5645.91,3.2
1,1158,15,837.36,6715.49,16.0
1,1372,17,663.5,3057.24,2.33
1,1372,164,928.69,11016.08,7.25
0,1339,65,711.84,6627.56,1.64
0,1339,158,991.32,10522.45,2.36
1,1153,71,678.11,4096.96,2.4
1,1153,145,983.83,10479.97,10.0
0,1126,105,572.72,2780.3,1.89
0,1126,75,789.86,7250.78,1.71
0,944,65,766.14,6428.14,1.78
0,944,116,726.36,6884.24,1.25
0,944,89,732.14,4450.74,1.62
0,1150,33,650.19,4323.5,0.67
0,1150,170,1027.46,8748.68,1.86
0,1150,11,558.99,3070.59,1.33
0,1058,170,735.09,6672.82,0.82
0,1058,76,855.94,5571.32,2.75
0,1058,82,572.95,4169.89,0.83
1,1261,87,779.1,6097.73,0.92
1,1261,24,923.17,11268.34,9.25
1,1261,8,747.03,5442.44,4.25
1,1322,98,573.54,1671.97,2.0
1,1322,148,973.62,11163.86,8.33
1,1322,76,659.68,5200.44,1.4
1,1019,172,659.47,2992.93,1.56
1,1019,151,955.94,11077.63,4.6
1,1019,133,739.96,5386.93,1.9
0,1060,119,708.74,7188.34,0.91
0,1060,13,672.96,6273.68,1.18
0,1060,78,566.6,3165.0,1.0
1,1126,158,971.78,11492.4,4.83
1,1126,77,630.85,3354.51,1.21
1,1807,109,555.21,6017.93,3.6
1,1807,86,273.84,1165.63,6.67
1,850,156,1032.56,9519.74,21.0
1,1701,136,416.44,2889.84,15.0
0,1448,107,640.9,4684.06,0.55
0,1448,45,768.52,8000.06,2.38
1,685,68,760.99,5119.53,0.4
1,685,28,966.92,7132.47,23.0
0,1588,11,714.56,6193.26,1.93
0,1588,169,799.8,-81139180.65,4.6
1,967,148,523.81,5180.17,7.0
1,1739,158,530.65,9830.68,26.0
1,1822,63,411.08,8991.93,7.67
0,2379,67,494.8,7129.81,4.5
0,1922,136,646.51,6558.36,3.6
1,887,136,855.69,4484.64,8.67
1,876,98,762.67,3203.84,10.0
0,1038,100,748.67,6717.17,3.0
1,1197,116,873.68,12059.0,3.2
1,1220,121,1135.03,15070.52,12.0
1,1290,71,911.67,11149.95,13.0
1,985,73,771.65,6272.77,3.4
0,611,63,576.14,2230.02,0.38
1,1918,165,416.15,6750.13,1.5
1,1918,63,502.96,11339.31,25.0
0,1182,172,761.98,4042.13,1.92
0,1182,84,590.86,3208.73,2.11
0,989,103,758.22,3136.44,1.38
0,989,86,630.64,2979.62,1.5
1,683,72,874.7,5928.93,4.75
1,683,82,800.91,3807.06,4.67
0,816,19,585.37,1903.75,1.88
0,816,31,825.07,3603.53,1.43
1,1245,98,661.4,2249.11,2.18
1,1245,112,635.18,3609.4,1.17
1,1210,2,851.55,7129.34,5.75
1,1210,96,728.28,3488.23,2.88
0,874,138,591.42,2922.97,0.83
0,874,62,986.16,8648.03,2.2
0,714,65,629.92,2584.45,1.0
0,714,165,798.24,4266.39,1.43
1,953,59,702.88,4978.17,2.44
1,953,21,920.27,8810.3,2.8
0,1968,136,615.3,3099.45,3.14
1,873,94,872.16,4939.31,6.75
1,1847,156,620.14,5796.77,0.9
1,1847,24,672.12,4130.09,1.56
1,2020,39,661.84,6647.14,2.5
1,2020,26,575.79,2657.26,2.25
0,2357,77,629.35,6627.09,2.17
0,2357,165,590.78,4482.61,0.92
0,961,29,444.1,2607.66,0.33
0,961,104,392.78,677.61,0.6
0,1627,109,743.38,6720.81,1.62
0,1627,104,505.81,715.91,2.4
1,2006,109,713.93,5645.71,1.86
1,2006,141,630.18,1012.1,2.2
1,1282,109,644.93,3743.68,2.0
1,1282,136,668.05,3095.48,11.5
0,1264,109,688.01,5907.67,0.89
0,1264,17,618.66,1020.9,1.14
1,1047,33,765.73,5479.14,10.25
1,1047,18,671.17,3017.71,2.77
0,1524,109,650.71,6360.67,3.0
0,1524,104,581.89,1091.34,2.25
1,1659,109,470.71,4725.79,3.0
1,1659,81,309.26,606.76,6.67
1,1302,78,600.6,3021.8,2.15
1,1302,171,673.78,3890.74,5.0
1,1445,172,678.77,3917.77,4.14
1,1445,12,651.9,3081.76,3.93
1,1739,17,676.94,3117.03,3.12
1,1739,73,660.93,3272.54,3.92
0,914,136,396.24,2295.82,1.33
0,914,123,249.45,666.17,1.0
1,2069,109,561.69,6636.45,3.09
1,2069,133,261.43,1511.51,1.14
1,989,109,513.43,3869.61,3.67
1,989,78,364.43,1955.25,7.0
1,2367,109,535.54,6748.95,4.86
1,2367,86,279.75,984.28,5.14
1,1743,63,576.76,11832.98,11.0
1,1743,166,358.04,706.47,34.0
1,981,109,562.32,3823.98,4.0
1,981,86,300.06,995.17,5.0
0,1760,109,529.77,5900.97,2.86
0,1760,78,319.36,1146.48,5.67
1,2310,163,473.61,7835.17,1.82
1,2310,166,291.58,830.29,3.25
0,991,4,333.42,3609.2,1.0
0,991,165,259.98,1184.98,0.25
0,2470,158,413.49,9012.12,1.5
0,2470,133,312.92,3274.08,1.77
1,2003,102,402.42,7359.12,4.8
0,1460,76,405.7,3396.86,1.5
1,2041,136,461.54,4064.13,11.25
1,1797,170,470.38,5840.63,5.75
0,1233,136,257.37,909.44,0.57
1,982,136,542.63,2520.92,4.33
1,967,136,471.0,2477.62,15.0
1,1868,136,376.7,2580.03,7.0
0,1677,136,297.96,1564.4,1.0
1,2425,29,614.85,11017.36,2.45
1,2425,96,319.08,1572.49,1.85
1,1383,164,530.72,6798.74,3.67
1,1383,133,299.52,1316.01,3.25
0,1117,165,428.43,3986.91,1.25
0,1117,92,320.41,2263.35,0.75
0,1748,165,419.97,5128.7,0.5
0,1748,141,406.03,4668.54,1.09
0,1171,109,361.08,3453.0,0.62
1,1091,83,405.54,2656.66,2.17
1,995,54,589.75,5842.37,7.5
1,1795,54,572.02,8086.19,5.6
1,1795,141,349.74,1443.44,9.0
1,2577,54,524.68,9754.11,3.1
1,2577,18,367.59,3016.04,3.75
1,927,148,279.09,2235.6,0.33
1,927,54,475.15,4018.77,4.0
1,1681,144,516.69,7402.09,1.33
1,1681,170,443.7,5228.0,2.6
1,2080,92,400.04,6810.43,1.27
1,1501,109,569.14,5810.49,4.75
1,1632,109,620.66,6283.05,7.33
1,3010,118,403.02,7116.26,1.62
1,3010,170,423.01,8776.21,0.72
0,1878,109,466.26,4995.4,1.88
0,1878,152,251.85,1485.27,0.75
1,1024,41,427.44,5926.7,2.4
1,1024,152,369.55,1599.43,1.33
0,951,63,267.26,4842.27,0.25
0,951,84,225.24,454.45,0.4
1,1622,20,398.47,7298.43,1.71
1,1622,84,269.93,1581.79,1.88
1,1110,18,763.89,5253.41,6.67
1,924,76,575.78,4225.71,7.0
1,1196,2,753.46,5170.74,6.0
1,1196,170,663.86,3790.99,4.11
0,1274,133,679.45,4933.75,4.58
0,1274,92,638.85,2782.37,5.8
0,1866,136,291.64,1480.06,1.5
1,809,137,907.64,5966.85,8.2
1,2061,136,444.8,4410.74,6.67
1,1806,137,451.59,5591.99,3.4
1,1279,59,526.96,10433.85,20.0
1,1279,136,473.67,2598.86,9.0
1,2861,24,415.64,8610.77,1.57
1,2861,75,352.79,3621.79,1.67
1,2102,156,492.19,6924.66,4.75
1,2102,75,371.79,2539.61,3.71
1,920,109,477.26,3715.83,8.0
1,920,75,320.15,1445.28,7.0
0,124,63,535.16,2733.39,1.0
0,124,75,262.74,151.94,0.0
0,2144,71,362.74,6370.27,2.0
0,2144,156,554.5,8031.52,11.67
1,1842,135,473.49,6151.99,3.0
1,1842,136,383.49,1804.59,3.71
1,1661,28,461.76,10333.0,19.0
1,1661,135,482.06,6386.12,3.75
1,1038,135,323.29,3315.72,0.5
1,1038,18,301.68,1527.8,11.0
1,1475,92,679.93,4595.76,4.33
1,1475,84,726.75,3550.82,8.88
1,915,141,697.64,2483.28,4.57
1,915,152,705.7,3542.95,5.8
0,870,4,914.83,4540.83,2.58
0,870,81,600.28,1535.59,13.33
1,2532,102,381.99,9036.11,6.4
1,1590,63,665.74,10217.96,9.25
1,1869,63,569.18,10330.53,4.29
1,1485,121,769.01,8455.39,3.62
1,1485,136,584.44,1562.38,2.58
0,2232,8,475.24,7508.79,7.67
1,1895,77,437.48,6266.72,1.0
0,2651,161,398.77,6234.95,2.62
1,1218,109,909.36,4859.11,3.38
1,1218,151,644.73,3729.46,4.14
1,1218,167,587.98,1024.24,2.55
0,1402,113,767.16,5868.87,6.75
0,1402,72,644.85,4666.65,3.15
0,1402,75,622.9,3098.94,3.92
0,1031,21,778.37,5909.45,3.43
0,1031,17,567.64,925.32,3.0
0,1031,151,571.54,2306.77,2.62
1,1640,75,494.78,5881.76,4.25
1,1640,84,307.76,1082.2,2.4
1,1766,18,415.58,5707.13,1.25
1,1766,86,280.46,704.03,1.78
0,424,137,277.64,3569.43,0.0
1,1145,102,458.78,6526.79,16.0
1,1145,156,393.48,4257.9,2.5
1,1294,20,404.51,7684.59,4.0
1,1294,136,423.29,1930.43,4.67
1,983,65,425.19,6645.66,4.33
1,983,77,443.07,4633.98,11.0
1,1363,83,562.14,6420.04,2.0
1,1363,136,474.76,1941.97,4.2
1,2378,24,370.42,4568.23,3.5
1,2378,4,502.68,6096.69,2.07
1,1961,28,446.8,4828.42,4.0
1,974,28,410.27,4873.8,3.0
0,2406,136,361.02,3699.2,2.67
0,1513,136,335.29,2733.47,2.4
1,1389,106,479.83,6382.94,4.0
0,633,41,778.1,2844.45,2.1
1,1974,28,427.2,6147.81,2.86
0,1295,136,350.18,2683.18,1.2
1,1322,76,449.73,4385.31,10.0
1,2159,24,501.95,7622.81,5.4
1,1934,66,394.99,5214.07,4.0
0,1982,24,527.83,6824.08,3.88
0,1503,56,569.22,2584.75,1.53
0,1503,6,721.56,6427.23,2.47
1,866,54,530.92,4180.25,5.0
1,866,88,312.96,802.1,4.0
0,2055,28,426.69,4697.72,2.78
1,1399,136,489.95,4401.49,10.0
1,1930,28,507.92,8028.81,2.8
1,934,28,497.73,5285.97,3.0
1,1680,136,552.46,5069.5,26.0
0,1782,76,408.92,4210.34,2.67
0,1930,148,494.39,5503.62,2.0
1,1679,24,473.46,5959.83,2.5
0,1285,33,732.84,6106.93,5.25
0,1285,11,635.07,2369.09,4.75
1,1335,115,431.55,3306.7,19.0
0,1521,115,295.42,2505.4,1.57
1,1699,148,581.95,6422.05,4.5
1,1699,58,339.27,1859.93,8.0
0,1665,164,273.8,2083.6,0.75
0,1665,135,393.66,4647.17,0.82
0,1771,58,346.96,1225.95,5.25
0,1771,54,570.46,8073.03,4.2
1,1798,95,467.62,5286.07,7.0
1,2291,156,424.22,6406.67,3.29
1,1852,148,476.4,6585.45,7.33
0,1867,148,461.49,5198.92,2.8
1,1417,24,465.82,5977.69,7.0
0,1619,47,295.52,5115.71,0.29
1,1630,71,370.01,8256.04,3.0
1,1630,54,587.19,6269.6,7.5
1,1282,136,440.73,4045.83,11.0
1,1538,156,450.59,5342.61,15.0
0,1678,136,460.83,3946.59,2.43
0,2296,54,387.6,6421.52,1.57
0,2296,139,238.72,774.85,1.0
1,2041,54,657.82,9672.29,6.6
1,2041,139,298.85,883.68,3.0
0,1838,54,456.66,5816.7,1.75
0,1838,96,279.08,1367.37,1.62
1,926,141,700.04,2937.41,8.17
1,926,90,866.24,3776.89,17.0
0,1253,24,785.94,4982.11,5.4
0,1253,11,659.76,2682.95,4.4
0,2018,170,419.94,7126.17,1.38
0,2018,111,465.97,4414.25,3.17
0,2018,136,306.75,1482.16,1.7
1,1508,113,608.24,3234.75,3.07
1,1508,92,692.94,5670.88,6.33
1,1508,135,721.83,6672.29,6.43
1,2024,170,480.74,9219.4,1.67
1,2024,111,442.5,4645.61,3.4
1,2024,136,285.36,1701.28,1.89
0,1057,2,382.71,3532.51,1.5
0,1057,54,371.92,3333.95,2.0
0,1057,86,240.62,976.97,1.33
1,1672,54,501.78,5647.82,3.0
1,1672,84,391.29,1834.88,5.25
1,2135,54,478.09,6647.55,2.67
1,1486,54,612.23,6769.66,23.0
0,979,41,677.71,3022.8,6.2
0,979,56,653.26,2219.39,4.12
1,1442,62,810.37,7115.37,4.9
1,1442,101,565.84,1138.21,4.18
1,2636,54,517.24,8842.94,9.33
1,2636,170,287.78,3997.19,3.33
0,2772,137,369.13,10771.49,1.78
1,1681,96,562.59,7564.78,5.0
1,1990,150,383.22,4750.73,0.67
0,2027,24,400.08,6319.03,1.18
1,1878,158,534.31,8507.25,5.5
1,1703,24,556.63,7749.34,10.0
1,953,169,837.99,7265.35,7.25
0,1098,55,711.8,6374.15,2.6
0,1018,121,691.12,4532.95,3.33
1,913,47,542.69,6133.73,3.0
1,913,166,300.53,398.18,13.0
0,2411,47,442.42,8150.82,1.56
0,2411,123,230.79,384.71,1.38
0,1062,151,684.92,4826.33,2.12
0,1062,86,563.45,1265.65,2.5
0,1564,6,437.53,5482.06,1.38
0,1564,76,288.87,3072.81,0.73
0,1559,148,777.58,8752.38,3.29
0,1559,20,628.09,6513.75,2.0
1,2597,151,558.48,6627.98,1.0
1,2597,164,696.6,10387.16,2.0
1,1597,163,744.01,7910.46,1.33
1,1597,164,568.37,6212.09,1.88
0,1194,3,582.31,5955.58,7.0
1,846,8,889.57,5638.87,8.83
1,846,58,755.53,2178.87,7.0
1,1282,77,728.66,5917.35,2.91
1,1282,73,682.98,2808.63,4.5
1,1694,47,518.93,8164.82,4.0
1,1437,76,475.07,6104.89,9.0
0,1446,86,618.96,4753.03,8.14
0,1446,48,632.07,4193.73,3.33
1,2012,28,443.53,5644.98,4.0
1,1584,24,560.64,7764.24,15.0
1,679,109,1132.67,5156.29,4.3
1,679,153,887.45,4632.37,13.33
1,1696,148,529.46,6008.35,4.75
1,1696,170,448.02,5002.57,2.0
0,1838,84,644.49,3886.32,4.78
0,1838,158,643.51,2616.04,3.25
1,1765,148,568.39,5951.69,4.5
0,1651,28,291.86,4631.23,0.71
1,1678,164,500.56,7486.34,2.2
1,1678,111,399.76,1553.21,6.5
0,1287,47,483.17,6541.82,1.5
0,1287,104,252.49,469.74,0.78
1,494,47,403.36,3875.34,1.0
1,1566,163,652.22,6789.23,0.9
1,1566,164,613.14,5493.95,2.22
0,1657,54,513.75,4378.01,0.43
0,1657,78,472.76,2638.08,1.6
1,2034,163,638.47,5694.31,1.57
1,2034,164,744.66,9059.0,3.0
1,1120,150,656.25,3550.07,2.17
1,1120,78,622.45,2832.48,15.0
0,1920,83,686.69,6382.88,1.8
0,1920,33,491.91,3491.06,0.35
0,1920,97,418.97,1524.69,0.89
0,1432,47,790.22,7575.84,2.12
0,1432,54,547.84,5069.37,0.6
0,1432,86,454.23,1300.27,1.36
0,765,47,565.41,5623.53,0.33
0,765,20,549.41,6042.2,1.0
0,765,96,419.45,1137.73,0.33
1,1282,47,760.39,7674.99,5.67
1,1282,20,609.88,6716.21,1.29
1,1390,54,686.85,6533.31,2.57
1,1390,86,560.89,937.34,1.67
1,1844,83,554.32,7363.67,4.0
0,1861,28,465.07,6300.06,2.33
1,2077,148,548.98,6351.97,6.5
1,2077,152,358.58,3434.5,1.67
1,2461,47,457.77,7536.42,2.56
0,1534,47,374.59,6364.5,1.0
1,1452,54,969.21,10380.74,3.88
1,1452,166,532.52,510.12,8.25
1,686,54,1106.33,6145.98,14.0
1,686,123,561.69,566.5,4.67
1,1479,54,695.82,5964.42,4.8
1,1479,86,510.55,802.64,3.0
1,1399,96,591.25,6426.05,6.33
1,1399,86,305.19,945.63,3.0
0,1125,96,681.76,5283.57,2.75
0,1125,173,509.6,1958.56,1.17
0,1216,122,603.55,1710.84,4.78
0,1216,135,620.28,4784.95,2.33
1,2375,96,411.01,5256.38,2.5
1,2375,86,310.31,1408.14,4.22
0,1348,113,360.13,3022.57,1.0
0,1348,81,212.14,637.57,0.43
1,2201,165,428.94,6468.61,0.73
1,2201,103,435.73,8466.16,5.25
1,1678,96,731.48,5391.24,2.8
1,1808,54,664.51,7638.95,2.83
1,1360,83,691.1,9563.34,16.0
0,1358,113,617.05,4693.17,1.3
1,757,96,626.71,3064.6,2.33
1,1808,148,701.15,8494.45,26.0
1,1808,151,419.37,5525.97,1.88
1,984,113,967.74,7821.89,5.0
1,984,138,905.61,4619.27,3.0
0,1531,113,512.57,5506.28,0.55
0,1531,71,695.86,7650.8,3.6
0,1531,75,697.5,5812.95,1.71
1,1138,113,998.17,9895.36,4.67
1,1138,18,509.0,3287.93,1.29
1,1640,28,675.73,8369.67,1.0
1,1640,109,640.65,5037.84,0.69
0,1448,28,692.15,7181.52,2.14
0,1448,71,669.16,6261.13,1.25
1,1883,95,536.53,4061.3,0.77
1,1883,28,788.54,11267.0,3.25
1,1866,64,325.18,3971.8,1.75
1,1624,28,463.67,9213.51,12.0
1,2020,78,319.31,1992.42,2.0
0,2158,91,756.73,10665.63,2.92
0,2158,7,651.33,5430.86,2.0
0,1812,41,676.52,8827.32,1.67
0,1812,156,528.68,5191.36,1.14
1,2733,28,419.01,7693.33,2.0
1,2044,49,408.73,10967.55,16.0
1,2044,122,308.81,1079.03,4.2
0,1181,138,380.17,3267.54,0.8
0,1181,58,316.77,725.18,1.33
0,1451,71,669.97,8953.81,0.89
0,1451,160,752.34,7405.89,1.0
0,1451,31,576.26,1903.79,0.73
1,2095,167,690.62,4384.84,3.1
1,2044,71,743.54,10206.63,2.36
0,1926,76,364.27,4635.95,1.71
1,1296,121,683.29,7518.15,3.33
1,1296,7,553.66,8483.43,2.33
1,1296,138,679.44,4891.3,2.17
0,1187,71,678.45,6871.39,3.25
0,1187,1,578.06,3354.74,0.8
0,1187,95,500.83,2229.86,1.67
0,1202,67,626.36,3288.62,1.81
0,1202,153,829.22,5741.23,4.17
0,1202,105,565.01,1122.73,3.58
0,1662,56,340.29,3480.51,1.25
0,1662,18,346.82,2687.22,2.33
1,1838,173,649.42,4986.79,3.42
1,1838,111,986.47,12063.69,6.18
1,1347,167,658.75,2744.45,4.75
1,1347,123,608.78,1714.97,8.33
0,662,38,828.04,3364.08,3.14
0,788,17,862.54,3487.39,3.71
0,1245,55,700.96,3972.58,3.09
0,1245,98,685.88,2464.14,4.1
1,1256,116,895.7,7135.99,5.75
1,1256,71,895.7,5791.82,11.5
0,1319,119,744.25,4679.36,4.36
0,1319,21,789.73,6219.39,4.25
1,887,88,641.06,1211.77,3.38
1,887,4,1157.11,6500.9,5.38
0,1702,137,640.43,4193.73,1.94
0,1702,56,835.35,6808.31,4.45
1,1558,54,693.27,4916.5,2.83
1,1558,41,733.98,4664.83,3.6
1,1350,26,733.33,2321.51,1.46
1,1350,13,733.33,6454.4,6.5
1,941,75,492.82,5395.09,9.0
1,941,84,409.1,833.43,9.0
0,2231,167,344.64,7044.2,1.8
0,2231,109,467.82,7195.21,1.62
0,2231,139,279.7,852.83,4.33
0,1133,65,594.23,2186.9,1.45
0,1133,23,728.74,3483.65,2.73
0,1133,50,575.9,713.01,4.0
1,1419,77,604.61,2850.61,1.94
1,1419,13,760.55,6327.99,5.25
1,1419,145,742.75,4243.26,2.73
0,1243,161,676.51,4461.53,4.38
0,1243,74,627.42,1398.29,9.5
0,1237,150,509.54,4850.06,1.22
0,1237,88,509.3,2598.97,1.83
1,970,8,990.74,7390.45,13.75
0,532,109,849.81,2506.69,1.62
1,1488,8,734.72,6812.18,5.62
0,1111,76,753.7,3576.94,2.2
0,848,73,806.04,4705.75,3.62
1,1021,83,926.33,6580.37,7.29
1,1408,121,887.13,11779.64,4.78
0,1238,171,691.84,3595.98,8.0
0,1335,148,337.08,1419.28,1.33
0,1335,149,337.17,2198.2,1.14
0,2229,123,274.37,610.07,3.57
1,1391,150,691.1,3789.02,2.62
1,1391,141,690.5,2852.14,5.0
0,1313,74,559.51,837.53,2.85
0,1313,34,752.03,5402.06,3.08
1,1476,1,681.18,2822.11,1.76
1,1476,84,745.53,4099.27,3.77
0,1328,7,429.22,1605.05,1.5
0,1328,149,429.22,2337.65,1.5
0,969,92,326.63,5667.68,0.75
0,969,111,282.23,561.92,1.25
0,915,92,317.11,5222.1,1.67
0,915,111,284.66,696.66,4.0
1,1263,63,526.56,9787.89,14.0
1,1263,152,316.2,1883.66,5.5
1,1481,63,648.33,4593.91,2.4
1,1481,70,648.21,2635.38,8.0
1,651,65,854.29,3333.09,31.0
1,651,152,711.71,2857.51,30.0
0,1200,108,611.5,2771.4,1.85
0,1200,24,770.85,4577.35,5.0
0,1590,98,372.83,1513.58,1.25
0,1590,95,398.87,2225.55,1.83
0,1469,22,285.91,1023.02,0.83
0,1469,4,287.13,2029.71,0.83
1,1215,38,532.94,2929.98,1.12
1,1215,137,507.06,5012.2,1.67
1,1102,151,606.7,1968.95,1.27
1,1102,121,624.83,4021.47,2.25
1,809,166,713.62,1094.39,23.5
1,809,79,1199.04,5980.2,3.5
1,1359,68,466.05,1647.64,1.71
1,1359,149,468.7,5240.62,1.33
0,1017,120,685.43,2801.24,3.5
0,1017,155,682.42,3921.3,2.67
0,1017,123,628.32,1182.71,7.5
0,1290,105,618.56,1274.51,2.09
0,1290,161,740.28,5135.21,4.43
0,1290,24,581.81,2466.05,1.88
1,1501,72,712.05,5320.29,4.73
1,1501,111,730.87,4333.11,22.67
0,1468,75,398.5,1302.3,1.14
0,1468,84,398.5,2927.82,1.29
0,1224,83,580.88,2388.28,1.1
0,1224,83,404.41,2224.75,1.17
1,1484,96,748.22,4710.53,1.71
1,1484,24,749.84,3587.22,6.25
1,1137,157,705.07,3326.17,2.55
1,1137,17,664.22,1587.07,4.75
0,1041,166,589.97,786.05,6.33
0,1041,92,696.08,4143.57,2.57
0,1120,55,642.54,3060.21,2.9
0,1120,109,694.12,3862.66,1.53
0,1306,75,482.62,2504.01,2.4
0,1306,84,482.85,4223.98,2.4
0,1291,113,476.37,2140.15,1.57
0,1291,92,476.37,1964.62,1.71
0,2101,121,455.87,6825.09,1.3
1,1303,28,519.23,5939.82,5.0
0,1894,121,419.9,6174.2,2.0
1,2176,115,372.05,4094.09,2.57
1,1945,47,404.64,5965.02,0.91
0,1819,66,346.74,4210.89,1.0
0,1373,8,480.7,2878.12,1.83
0,1373,18,486.38,4715.44,1.62
1,1347,8,590.29,3631.85,2.14
1,1347,77,600.71,4821.69,1.89
0,1199,23,779.35,5361.37,2.9
1,772,62,918.26,4834.35,6.8
0,1151,77,716.72,4903.94,2.38
1,1691,87,374.3,4547.44,1.33
0,1498,139,390.52,1923.52,0.91
0,1498,70,392.4,2583.72,1.67
0,1599,168,600.75,2192.83,1.33
0,1599,71,745.22,5627.02,4.42
0,1305,72,610.25,4411.31,1.47
0,1305,74,618.39,1160.32,3.62
0,950,75,615.85,4359.98,5.25
0,950,164,682.67,3027.85,1.91
1,1169,62,766.3,8080.09,3.29
1,1169,88,632.03,1689.44,3.33
0,1899,148,356.59,4952.29,0.57
1,696,10,828.45,3896.55,6.0
1,696,9,753.88,2926.29,7.2
1,1125,7,688.59,1760.59,2.1
1,1125,28,733.87,5559.79,8.5
0,1209,141,372.7,1357.87,0.78
0,1209,28,372.21,1940.69,1.6
1,1253,153,659.71,2728.83,2.91
1,1253,156,934.91,6965.6,5.4
1,1365,151,700.66,6621.01,2.57
1,1365,134,692.75,6053.14,2.12
1,1794,63,476.49,8468.36,2.56
1,1794,111,306.92,1009.67,1.88
0,1319,151,284.31,1126.81,0.29
0,1319,156,306.64,1593.8,0.29
1,1274,83,687.65,3548.85,2.57
1,1274,167,673.56,3215.51,3.57
1,1188,65,826.16,4587.32,4.88
1,1188,13,795.56,5518.74,6.86
1,786,55,772.44,2895.8,3.14
1,786,151,729.47,3248.47,4.33
1,1344,83,602.68,5230.49,2.12
1,1344,24,602.68,7895.94,3.6
1,1161,7,748.27,3590.59,3.13
1,1161,133,767.7,5563.88,6.44
0,1243,138,362.03,3139.84,0.78
0,1243,63,362.99,2122.54,1.0
1,2638,75,414.11,5934.97,2.22
1,2638,84,364.94,3789.71,6.0
1,1066,158,672.95,1940.04,2.67
1,1066,86,665.23,2406.7,17.0
1,1243,118,676.27,2616.83,1.44
1,1243,24,631.23,3741.0,2.33
0,1258,153,304.96,4079.52,0.8
1,2069,35,349.91,4238.05,0.79
1,1065,151,395.55,4500.34,2.0
0,1329,63,349.89,1391.02,1.14
0,1577,59,833.0,7356.26,3.75
1,1312,47,548.92,6609.83,9.0
1,1477,13,691.24,3880.5,3.0
1,1020,11,735.0,4043.53,4.33
0,1053,111,749.12,3078.29,4.0
1,1083,173,700.83,5068.14,5.29
1,1625,83,716.64,6223.13,3.5
0,935,25,725.52,4378.97,2.0
0,869,141,625.27,2434.25,3.38
0,1145,24,636.0,2590.69,2.36
1,1053,109,775.56,3185.98,3.31
1,1031,13,710.81,7440.87,20.0
1,1036,131,429.03,1729132.47,0.0
1,1036,129,424.81,1485315.98,0.0
0,158,131,221.77,262197.34,0.0
0,158,129,221.77,127846.71,0.0
1,1137,131,352.98,2191875.25,0.0
1,1137,132,356.83,787323.48,0.0
0,1101,131,432.1,1645659.29,0.0
0,1101,131,428.12,1261272.48,0.0
1,1016,132,512.66,2706317.95,0.0
1,1016,131,512.66,2471948.03,0.0
0,1015,132,452.1,1951582.7,0.0
0,1015,131,456.41,3686482.52,0.0
1,956,128,385.29,1054472.64,0.0
1,956,131,385.29,2450815.98,0.0
1,932,127,413.11,660960.26,0.0
1,932,131,413.11,1840523.56,0.0
1,1165,129,352.48,321258.18,0.0
1,1165,131,352.48,1988294.11,0.0
0,322,129,223.98,58814.53,0.0
0,322,131,223.98,527803.23,0.0
1,946,132,478.03,314146.3,0.0
1,946,131,478.03,2234302.07,0.0
1,999,125,256.16,753476.58,0.0
1,999,131,268.77,3088752.43,0.0
1,936,130,472.18,112041.35,0.0
1,936,131,557.56,3471535.9,0.0
1,948,132,416.71,2037521.9,0.0
1,948,131,416.71,842864.75,0.0
1,1002,132,360.54,940835.33,0.0
1,1002,132,360.54,887824.55,0.0
1,951,132,545.74,2257262.33,0.0
1,951,132,545.74,1497406.69,0.0
0,972,132,479.88,2286588.64,0.0
0,972,131,479.88,2108125.19,0.0
0,965,75,279.85,2281.99,0.83
0,965,58,247.03,495.54,0.5
1,1339,148,484.35,4273.26,3.5
1,1178,28,465.64,5300.58,3.0
1,1014,133,818.11,5457.1,4.38
1,1052,125,352.98,1400066.12,0.0
0,1006,132,408.37,2620308.79,0.0
1,930,131,481.94,1950398.06,0.0
0,295,131,190.17,257972.14,0.0
1,955,131,338.07,1559044.52,0.0
0,107,131,101.5,116555.89,0.0
0,108,131,97.22,98456.11,0.0
0,97,131,144.74,71769.28,0.0
0,106,131,107.55,103485.28,0.0
0,114,131,138.42,120182.11,0.0
0,108,131,121.67,109406.11,0.0
0,109,131,160.73,99701.83,0.0
0,103,131,156.7,90932.62,0.0
0,101,131,182.38,78120.0,0.0
0,136,131,159.71,122647.06,0.0
0,102,131,154.71,97351.18,0.0
0,100,131,114.0,85205.4,0.0
0,113,131,116.28,92492.39,0.0
0,105,131,150.29,90101.14,0.0
0,98,131,116.33,69054.49,0.0
0,99,131,159.39,80223.64,0.0
0,103,131,164.85,88337.48,0.0
0,96,131,164.38,66470.0,0.0
0,100,131,140.4,65759.4,0.0
0,102,131,154.71,75056.47,0.0
0,100,131,140.4,84016.2,0.0
0,106,131,165.28,77046.23,0.0
0,104,131,135.0,81567.69,0.0
0,114,131,176.84,87292.11,0.0
0,97,131,198.56,67059.59,0.0
0,106,131,190.19,88365.28,0.0
0,105,131,158.29,83310.29,0.0
0,98,131,161.02,72419.39,0.0
0,106,131,173.77,94850.38,0.0
0,99,131,141.82,69695.15,0.0
0,109,131,168.99,103377.8,0.0
0,98,131,196.53,82703.27,0.0
0,101,131,139.01,84965.94,0.0
0,107,131,172.15,88670.47,0.0
0,102,131,154.71,60203.53,0.0
0,110,131,183.27,94410.0,0.0
0,104,131,168.46,98200.96,0.0
0,121,131,144.79,123075.87,0.0
0,106,131,132.45,100766.6,0.0
0,100,131,148.8,78286.2,0.0
1,917,132,268.14,1317233.33,0.0
1,1090,132,309.85,1211674.02,0.0
0,989,125,409.87,1229796.4,0.0
0,822,125,453.87,802500.66,0.0
1,1027,128,446.99,1458173.16,0.0
0,117,128,164.62,136413.33,0.0
0,124,128,183.87,167209.84,0.0
1,1118,126,362.42,1684899.28,0.0
1,1103,124,380.4,1220474.09,0.0
0,1138,128,310.12,1242162.39,0.0
1,1128,130,366.06,1301254.47,0.0
1,1050,127,485.03,1758840.8,0.0
1,1018,132,255.21,939222.85,0.0
1,962,131,317.4,1682820.62,0.0
1,958,131,293.8,2486239.67,0.0
1,958,130,302.94,976337.04,0.0
1,1209,63,796.53,7388.93,5.25
0,1372,167,292.17,3030.79,0.5
1,1497,167,443.77,4452.1,5.33
1,226,47,301.59,2140.62,0.0
1,1009,129,542.97,1280554.61,0.0
1,1045,131,490.51,1330462.16,0.0
0,41,131,84.88,12016.1,0.0
1,970,132,581.26,2510686.27,0.0
1,970,128,581.26,1676537.07,0.0
0,303,132,246.93,158769.9,0.0
0,303,128,246.93,190170.89,0.0
1,1058,132,369.58,1332746.65,0.0
1,1058,131,369.58,1017966.12,0.0
1,959,132,312.64,2374099.52,0.0
1,959,131,312.64,1784987.49,0.0
0,291,132,200.62,137498.76,0.0
0,291,131,200.62,154367.01,0.0
1,1071,132,243.14,1814974.57,0.0
1,1071,125,243.14,729888.46,0.0
0,509,132,155.83,388070.92,0.0
0,509,125,155.83,303190.37,0.0
0,1261,132,315.65,1061399.71,0.0
1,1021,132,235.24,1800671.11,0.0
1,1085,132,322.01,1294267.02,0.0
0,1023,132,271.73,1010222.99,0.0
0,1023,131,271.73,616282.64,0.0
1,972,132,259.75,1871877.65,0.0
1,972,132,262.72,1088732.59,0.0
0,56,132,64.29,3934.29,0.0
0,56,132,82.5,10279.29,0.0
1,927,130,217.48,451334.69,0.0
1,927,130,217.48,372850.36,0.0
1,993,128,249.73,1757180.79,0.0
1,993,125,249.73,901320.73,0.0
0,341,132,205.34,257810.85,0.0
0,341,125,205.34,168461.35,0.0
1,1002,132,456.41,2411111.38,0.0
0,526,132,226.54,463558.06,0.0
1,1054,132,273.59,1064669.37,0.0
1,1054,128,273.59,504123.53,0.0
0,1020,126,532.71,921957.88,0.0
0,1020,126,532.71,743722.94,0.0
1,920,128,232.76,456070.43,0.0
1,920,131,232.76,405029.28,0.0
1,976,130,413.3,1411298.36,0.0
1,976,132,413.3,2031522.42,0.0
1,1044,126,331.26,1019493.1,0.0
1,1044,130,331.26,730488.68,0.0
1,1065,128,313.13,495395.72,0.0
1,1065,126,313.13,362132.34,0.0
0,1205,128,172.43,1378782.67,0.0
1,924,131,159.29,349195.71,0.0
1,1016,131,545.37,1818577.32,0.0
1,968,125,334.03,1151520.87,0.0
1,1323,125,222.4,794735.15,0.0
1,1323,126,222.4,408613.79,0.0
1,989,132,558.75,1816502.0,0.0
1,989,128,558.75,531949.57,0.0
0,1091,124,307.31,1638410.05,0.0
0,1091,128,320.73,780820.04,0.0
1,1024,127,253.83,732518.67,0.0
1,1024,128,253.83,196764.38,0.0
0,246,132,177.56,106821.22,0.0
0,246,128,177.56,67861.71,0.0
1,952,132,234.33,1283633.07,0.0
1,946,132,514.95,1653815.52,0.0
1,965,132,362.98,1524790.76,0.0
0,472,132,257.67,392417.92,0.0
0,433,132,184.3,236659.68,0.0
1,1130,124,212.97,533774.34,0.0
1,1009,129,332.65,968742.22,0.0
1,995,131,345.89,850376.86,0.0
0,856,131,258.43,469373.27,0.0
0,231,131,121.3,82955.58,0.0
0,428,132,252.9,217257.48,0.0
1,1039,132,236.88,800618.06,0.0
0,1079,132,196.24,746432.59,0.0
1,964,132,184.92,1500088.38,0.0
0,924,132,253.44,1721949.87,0.0
0,278,132,106.83,53560.58,0.0
1,951,132,257.22,1377008.71,0.0
0,274,132,149.34,108121.75,0.0
1,988,126,148.54,608244.47,0.0
1,947,126,159.66,361093.56,0.0
0,321,132,145.05,227638.32,0.0
1,1141,128,262.77,572162.84,0.0
1,946,130,215.2,440868.14,0.0
0,419,132,73.6,140923.82,0.0
0,968,132,187.19,2107734.3,0.0
0,243,132,62.47,90291.6,0.0
1,1096,132,126.08,935506.09,0.0
0,442,132,121.36,119025.2,0.0
0,1103,127,193.0,454454.14,0.0
0,1103,128,193.0,240854.31,0.0
1,955,130,230.64,444407.5,0.0
1,955,127,249.93,417446.89,0.0
0,461,132,146.55,137038.31,0.0
0,461,127,158.79,67987.42,0.0
0,1013,132,232.83,951470.29,0.0
0,1013,125,252.2,357051.77,0.0
0,243,132,77.53,71474.81,0.0
0,243,125,84.2,40745.19,0.0
0,255,132,101.41,57590.82,0.0
0,255,130,110.12,56810.35,0.0
0,318,132,84.15,114700.57,0.0
0,318,130,91.13,30345.28,0.0
1,1094,132,158.5,505301.41,0.0
1,1094,128,151.92,118089.49,0.0
1,1029,125,138.6,468553.06,0.0
1,1029,126,128.63,463798.6,0.0
1,966,130,130.12,311427.7,0.0
1,966,125,106.89,229868.14,0.0
1,1174,128,130.89,341881.18,0.0
1,1174,130,109.11,223454.05,0.0
0,208,132,51.63,68088.46,0.0
0,208,130,43.27,41559.81,0.0
0,424,128,66.79,125458.73,0.0
0,424,132,55.75,52803.68,0.0
0,201,132,47.16,64962.99,0.0
0,201,125,39.4,42662.39,0.0
0,116,132,27.93,46815.0,0.0
0,116,130,23.28,5524.14,0.0
0,180,132,40.67,46522.0,0.0
0,180,127,34.0,31686.67,0.0
1,1038,132,154.34,1319356.88,0.0
1,1038,125,140.35,307917.69,0.0
1,973,132,101.25,727298.17,0.0
1,973,128,96.69,115110.28,0.0
1,994,132,58.67,426832.27,0.0
1,994,130,57.89,125860.08,0.0
1,1122,126,60.48,712766.68,0.0
0,822,125,55.18,396850.8,0.0
1,1018,127,89.12,506744.03,0.0
1,1049,127,125.78,234171.82,0.0
0,1028,127,44.65,161827.82,0.0
1,838,103,516.3,7228.21,13.0
1,1093,104,527.54,2325.78,30.0
1,1140,101,492.79,4214.16,27.0
1,806,100,616.6,5252.98,8.0
1,1069,120,469.5,5664.64,11.5
1,963,137,547.41,8811.65,5.0
1,887,107,694.84,8466.43,18.0
1,1229,81,626.95,4567.23,28.0
1,942,154,530.64,6043.06,15.0
1,987,161,652.1,6041.46,26.0
1,880,165,887.8,7846.84,19.0
1,1072,168,591.44,6816.32,14.0
1,929,173,697.27,5894.14,34.0
1,877,167,441.0,6855.53,18.0
1,980,46,617.08,5872.59,16.0
1,1223,41,748.5,8921.75,27.0
0,2076,109,642.11,8137.31,3.0
0,1103,109,395.96,3304.84,1.14
0,1309,55,708.72,5150.79,3.17
1,742,2,823.34,3972.61,17.5
0,1811,158,458.93,6699.33,1.5
1,1259,25,1060.79,8668.93,6.0
1,1287,68,777.16,4866.85,4.09
1,1099,164,991.67,7387.48,4.11
0,1356,36,832.17,5404.42,2.19
1,1164,83,810.82,6177.68,4.8
0,2374,148,526.55,7841.85,6.0
0,131,148,266.11,680.61,0.0
1,2081,54,525.58,8772.97,6.5
1,928,109,526.81,3714.83,11.0
1,1485,121,806.67,9525.78,6.62
0,1918,148,566.12,6484.88,1.86
1,1449,83,543.11,6891.97,2.67
1,1647,47,543.68,8595.08,7.0
0,1406,62,310.07,3100.16,0.67
1,1597,47,461.44,7238.89,1.33
0,1855,158,335.22,6454.45,1.25
1,1689,156,483.41,5890.62,4.25
1,868,162,585.76,6501.43,15.0
1,817,63,625.26,5972.53,18.0
1,847,33,757.12,7142.76,39.0
1,960,158,633.81,7766.56,27.0
1,1068,79,789.44,11130.28,24.0
1,958,65,560.1,8084.97,24.0
1,1140,47,453.84,7377.16,2.0
0,1901,28,502.38,7487.34,2.17
0,1383,28,361.21,4652.45,0.33
0,1174,4,409.63,4528.47,3.33
0,1212,102,272.97,6098.22,0.17
1,1386,96,334.07,1414.63,13.0
1,1323,62,930.66,9306.03,10.2
1,2245,63,485.13,10517.51,3.83
0,2458,63,415.56,11395.0,1.75
0,2051,28,441.44,7489.73,0.75
1,1653,54,1050.13,14587.04,5.08
1,1031,137,1000.16,8712.1,8.67
1,1332,47,477.07,7603.78,3.5
1,1884,121,499.11,7440.96,5.33
1,1884,50,282.52,1058.31,2.5
0,2180,159,355.35,4287.96,2.6
1,1874,24,553.77,7354.45,26.0
1,1746,76,485.12,5690.38,2.57
1,1899,158,396.62,5297.82,1.2
0,1448,143,565.69,6710.01,0.5
1,1525,43,536.38,8587.36,15.0
1,1217,148,460.28,4144.98,2.33
1,2012,47,408.37,6754.8,1.3
1,912,47,504.61,5759.14,3.0
1,1860,87,585.16,7410.45,11.5
1,1198,87,517.56,5878.7,11.0
0,1273,83,357.08,3943.32,0.29
0,2297,148,558.96,6658.38,2.8
1,2169,95,432.28,5004.26,3.0
1,1639,87,434.09,6068.6,4.0
1,140,87,297.0,639.86,0.0
1,2656,148,468.95,7522.16,3.4
0,2293,47,492.32,8534.97,1.83
0,2439,148,586.45,7639.29,2.15
0,2466,28,463.87,7617.1,2.29
0,1657,47,474.89,6428.47,2.14
0,1657,133,229.21,1131.42,0.64
1,2073,47,626.08,8508.54,3.44
1,2073,139,289.73,848.1,2.5
1,1577,148,529.0,7348.69,2.8
1,1577,88,297.34,669.82,14.0
0,2295,28,377.83,6534.82,0.71
0,2295,84,247.03,1522.54,0.88
1,2017,28,569.96,9141.09,20.0
1,2017,19,244.55,510.64,1.86
0,1899,78,367.36,5019.08,2.0
0,1694,28,470.08,6796.19,1.33
1,2158,148,637.09,9334.81,6.33
1,1833,148,603.27,7342.19,2.29
1,1351,76,502.47,5804.54,18.0
1,1466,28,559.73,7193.98,3.67
0,1991,118,424.94,6394.57,1.22
1,1901,83,492.85,6998.6,2.4
1,1316,76,430.35,4493.98,8.0
1,1651,28,535.35,8057.3,12.0
1,2036,76,378.18,5248.7,2.4
0,2101,148,546.45,8186.07,3.12
0,2101,163,374.59,5758.29,0.85
0,105,28,285.71,0.0,0.0
0,105,163,305.71,342.29,0.0
0,2156,148,461.41,6941.44,1.29
1,1776,28,477.09,7141.89,3.5
0,1394,47,570.9,7471.94,2.33
0,1394,102,280.59,4814.51,0.29
0,1806,141,230.33,805.75,0.38
1,1685,83,653.91,7922.6,24.0
0,912,24,351.97,3091.32,0.2
1,1432,83,479.16,5316.08,3.33
0,2164,24,481.0,7337.94,1.25
1,1569,28,521.57,7986.2,10.0
1,1651,47,566.31,9835.93,2.5
0,2785,149,484.61,6533.54,2.29
0,1898,4,598.13,4987.3,2.4
0,1280,24,362.25,4834.5,0.5
1,1970,24,581.79,8305.68,11.0
0,1588,28,455.33,7396.47,2.5
1,2167,83,612.35,7777.21,6.25
0,1340,76,444.58,4376.87,9.0
1,1012,24,377.31,5903.83,0.0
1,1829,47,554.11,9486.82,5.5
0,1841,24,303.91,3324.64,2.8
0,1763,84,273.32,1187.61,3.2
0,964,133,271.37,1158.73,0.8
1,1842,63,463.94,9135.24,2.71
1,952,1,707.52,3614.12,2.42
1,952,4,743.57,4259.31,2.82
1,1863,91,361.06,5800.68,1.27
1,1863,151,537.87,6940.81,4.17
1,2803,76,499.78,8458.65,2.73
1,2803,102,419.96,7120.99,3.67
1,2015,24,530.65,6503.91,4.0
0,2059,148,556.35,7257.55,2.71
0,1581,76,498.67,6481.82,3.25
1,1531,28,579.62,8338.86,13.0
1,2488,4,587.17,9001.78,4.17
1,1828,47,550.5,9441.5,3.75
1,2197,28,539.64,9260.18,5.0
1,1621,47,578.2,8245.87,4.0
1,1679,28,618.33,9392.38,5.75
1,1156,28,540.67,6850.95,5.0
0,121,4,300.5,718.51,0.0
1,1986,28,515.59,8175.08,4.0
1,2020,4,445.87,5131.87,1.29
0,1951,28,507.71,7599.89,1.0
1,1538,24,428.11,5140.81,2.25
1,1587,28,438.53,6666.2,2.2
0,1033,24,355.3,4772.0,1.4
0,1033,21,296.28,2707.78,0.5
0,1033,58,227.34,1026.21,0.33
0,1860,92,349.42,5707.81,1.78
0,1860,1,374.13,5106.65,1.83
0,1860,170,451.13,7756.97,2.8
0,1570,163,394.43,5364.57,1.62
0,1771,136,390.56,3939.84,3.0
1,1724,136,505.27,5098.85,5.25
0,2427,148,616.61,8145.54,5.33
1,1839,62,603.82,7795.11,7.67
0,1228,84,692.1,4305.88,5.83
0,1103,59,799.31,5511.35,3.57
1,1497,92,708.78,4610.9,3.5
0,1480,23,728.96,6388.7,5.0
0,1077,62,723.23,5439.94,3.6
1,1095,23,768.99,4948.82,10.67
1,1952,62,614.57,8012.8,7.0
1,2595,83,576.9,7073.94,5.75
1,1553,28,535.6,7135.21,3.33
1,2040,28,417.5,6040.56,6.67
1,1130,76,536.81,4963.27,10.0
0,1807,148,461.07,6423.02,0.8
0,1641,118,388.45,5987.97,0.8
0,2322,118,530.59,8341.21,2.1
1,1796,24,472.15,6043.6,2.17
0,1870,83,537.72,7086.1,2.5
0,2707,118,385.0,7891.21,1.5
1,1384,111,415.45,2137.11,4.8
0,1750,95,378.38,5996.09,0.4
1,1684,140,544.95,6815.1,3.5
1,1811,158,442.36,6663.91,2.8
1,1789,76,399.68,4412.26,3.4
1,1412,83,553.6,7184.53,7.5
1,1629,28,454.7,5744.64,2.5
1,1494,28,435.18,6152.29,3.33
1,1613,28,524.67,8066.37,5.33
1,1398,47,447.12,7203.35,2.33
0,1428,87,484.12,6715.8,2.67
1,1420,62,502.18,6045.51,5.5
1,1963,87,530.31,7530.47,3.8
1,1158,28,570.31,6618.76,9.0
1,1614,62,520.41,7823.68,3.33
1,1569,87,562.72,7746.62,18.0
0,2415,62,527.98,9899.68,2.62
1,1629,62,578.64,7366.67,12.0
1,2185,24,494.47,7362.56,2.14
1,923,148,540.0,6227.32,3.0
1,1212,28,617.28,6654.65,16.0
1,1316,62,622.98,6630.82,16.0
0,2282,95,428.18,7030.1,2.0
1,1291,62,448.07,5250.49,2.0
1,1287,62,525.59,6713.99,8.0
1,1525,83,609.01,8402.68,9.5
1,1959,83,497.12,7115.87,2.56
0,1917,28,542.5,7792.99,2.2
1,1784,28,573.09,8082.81,3.6
1,1494,28,665.86,9345.9,5.67
0,105,28,288.57,427.43,0.0
1,1328,63,630.18,12299.28,25.0
1,1370,62,597.68,6859.23,17.0
1,1724,47,484.8,7903.96,1.0
1,1319,28,519.44,7022.73,6.0
1,1386,164,638.66,3603.98,1.15
1,1386,33,837.14,7944.33,5.43
0,1419,43,622.33,2652.9,2.4
0,1419,18,758.86,5526.17,6.88
0,872,74,643.49,868.62,4.5
0,872,98,841.24,2524.68,5.33
0,1008,96,611.19,1624.82,2.75
0,1008,82,603.1,3818.75,2.89
1,1143,158,1233.6,3330.39,4.0
1,1143,83,1233.6,4722.47,2.67
1,970,113,1247.01,3345.09,1.71
1,970,148,1246.39,2744.16,2.33
1,949,113,1273.97,2685.65,1.83
1,949,148,1275.87,2683.31,2.8
0,925,83,1067.03,3009.02,1.29
0,925,148,1068.97,1604.17,1.6
1,848,83,1624.39,4288.09,1.8
1,848,148,1633.37,3855.92,16.0
0,952,113,804.52,2842.75,0.57
0,952,148,805.46,2371.13,1.17
1,855,113,1414.04,3475.44,5.67
1,855,148,1414.04,3440.49,8.0
1,882,113,1371.84,4382.99,5.0
1,882,148,1373.47,3929.18,18.0
0,919,161,1028.29,2810.14,1.17
0,919,148,1028.29,4629.14,1.8
0,982,26,757.64,3022.24,0.57
0,982,63,792.59,2343.48,0.83
0,847,83,1141.77,4060.87,1.5
0,847,63,1141.84,3308.36,1.33
0,1019,26,906.77,5190.26,1.0
0,1019,148,906.77,5368.38,1.17
0,868,26,1114.35,2575.23,1.29
0,868,117,1117.88,4120.65,2.0
0,999,138,1105.11,2677.84,0.71
0,999,41,1105.11,2404.38,1.6
0,915,141,1369.51,2014.3,1.67
0,915,18,1386.62,5833.97,3.0
1,874,158,1359.47,1295.01,1.8
1,874,113,1361.88,2643.91,3.25
0,818,83,1130.61,4024.11,1.0
0,818,63,1131.78,3559.66,0.83
1,979,1,1170.58,4888.5,1.25
1,979,63,1233.09,6232.83,1.83
1,958,1,1246.35,4452.84,1.29
1,958,28,1249.16,7224.8,2.0
0,922,12,1047.72,4866.31,2.0
0,922,75,1047.72,3682.84,1.6
1,851,86,654.85,1039.74,5.57
1,851,118,812.93,3575.89,7.6
1,1404,96,712.35,3193.63,2.92
1,1404,161,708.63,4311.03,7.29
0,1610,166,531.99,1040.01,6.0
0,1610,74,691.98,7046.46,1.94
1,132,65,1090.91,1087.27,4.0
1,132,151,1137.73,1261.82,5.0
1,1095,151,757.97,5116.49,7.4
0,1233,48,640.68,4118.73,1.71
0,1233,75,756.93,6408.37,9.75
0,1523,38,785.24,6739.42,3.86
0,1523,70,569.19,2253.84,2.38
1,1868,24,470.43,6978.24,8.0
1,1868,65,375.93,7665.93,2.75
1,953,76,459.6,3950.37,7.0
1,953,102,308.88,4077.92,5.0
1,1926,95,489.28,6136.76,23.0
1,1926,161,335.95,1935.39,3.0
1,1733,76,500.77,4514.61,7.0
1,1733,151,387.8,3310.11,0.92
1,1867,28,606.04,8452.06,10.33
1,1867,102,321.76,3147.41,2.11
1,1196,32,672.34,2337.29,3.44
1,1196,118,741.07,3806.29,4.0
0,839,95,651.13,1891.54,2.67
0,839,150,987.1,5058.67,4.0
1,837,36,587.74,1219.43,3.0
1,837,146,950.82,4512.47,8.0
0,809,112,548.9,912.98,2.0
0,809,84,668.08,2606.55,4.5
1,1203,92,711.22,2918.35,2.07
1,1203,28,639.25,3620.35,2.23
0,1649,52,554.59,2107.57,1.24
0,1649,84,716.22,4970.69,5.0
1,1341,149,625.95,2884.3,2.38
1,1341,24,745.06,6651.77,6.0
1,1424,26,559.47,1477.54,1.94
1,1424,149,804.9,5976.4,5.1
1,972,122,644.57,979.88,8.4
1,972,2,854.26,4976.3,11.25
1,1629,96,678.53,2837.27,2.06
1,1629,83,813.66,7342.95,4.31
0,1089,153,662.48,3101.76,2.75
0,1089,7,736.2,2702.26,2.31
1,1044,1,633.56,2359.71,1.7
1,1044,157,951.38,4696.49,4.5
1,1242,65,925.85,4275.89,3.62
1,1242,157,913.67,5511.88,4.82
1,1259,70,617.01,1992.96,3.5
1,1259,123,699.22,2524.67,20.33
1,1231,84,684.08,4083.12,6.17
0,1040,78,589.56,2143.62,2.33
1,1022,33,784.99,4763.31,5.4
1,1469,71,596.49,3434.42,3.0
0,1436,89,304.81,1332.7,1.17
0,1768,165,335.5,4562.88,0.44
0,1498,89,620.83,2469.77,2.5
0,1342,171,268.93,647.26,0.17
0,1543,31,310.62,815.93,0.88
0,1326,45,271.49,514.62,0.17
0,1542,135,263.54,759.34,0.43
0,1249,13,180.14,598.85,0.33
0,2157,170,427.71,7433.57,0.85
0,1672,170,459.33,6301.54,1.6
0,1916,2,379.26,5896.25,1.12
0,1515,59,654.5,4168.75,2.6
0,389,112,793.26,2632.44,3.75
0,743,17,598.71,1349.64,2.2
0,1090,18,591.69,1296.11,1.43
0,1470,58,438.9,674.24,0.5
0,1124,90,664.8,2951.64,5.14
1,1551,141,614.93,2198.61,3.47
1,1180,55,673.73,1316.29,1.83
1,1203,17,601.75,1052.17,3.38
1,1302,158,624.75,2994.79,2.75
1,1512,137,691.35,3919.21,2.71
0,1366,73,653.98,3253.79,4.27
0,1099,112,651.54,3111.16,4.33
1,1934,55,668.41,5451.93,3.38
0,1141,145,567.34,3259.82,1.91
0,1068,73,613.31,2652.08,3.7
0,1252,48,598.99,2886.13,1.69
1,1317,19,615.03,1291.89,4.25
1,1378,59,1023.22,2885.09,2.88
1,1261,89,666.61,982.46,4.0
1,1414,76,365.77,4173.86,1.33
0,2046,152,281.58,2846.98,1.75
0,1609,133,340.12,4992.68,1.0
0,3342,89,291.15,3025.98,2.64
0,2044,81,220.36,595.3,1.3
0,1468,99,439.37,1571.12,1.22
0,1355,14,299.16,560.15,1.0
1,1359,145,1089.71,2486.14,1.78
0,1433,88,303.56,340.99,1.17
0,1788,123,552.62,909.06,4.29
1,1615,39,409.11,5117.8,1.17
1,1178,11,661.68,2678.25,7.8
0,2043,2,339.62,5014.86,1.86
0,1546,5,378.4,669.94,1.0
0,1322,41,408.47,825.07,0.62
1,1465,40,759.93,2746.81,6.75
0,1438,31,438.11,1580.24,2.17
1,1442,139,530.51,918.35,1.43
0,2192,86,263.57,1111.42,4.0
0,1425,23,390.11,634.82,0.75
0,1421,34,285.01,1091.95,0.67
1,1563,97,529.75,2809.25,3.83
0,1435,112,292.93,1020.5,1.17
0,1226,33,195.76,689.07,0.75
0,1445,114,239.5,336.42,0.0
1,722,39,327.42,2197.73,3.0
1,1471,31,643.64,3107.23,4.0
1,1570,148,697.45,3649.45,2.83
1,1494,150,632.53,1945.78,2.0
0,1414,68,434.94,454.67,0.29
1,1401,75,318.67,1664.33,3.2
0,1060,133,278.15,1047.79,2.0
1,1921,2,309.96,2340.78,2.0
0,2111,135,512.77,9182.53,2.25
0,1411,76,293.37,2845.51,0.5
0,1799,89,400.29,5170.91,1.33
0,2865,152,306.81,3615.92,2.18
1,1859,133,441.24,2842.24,7.75
1,1839,170,510.44,7575.95,7.67
0,705,58,274.21,1145.28,0.75
0,1572,152,289.77,1856.95,1.5
1,2106,89,319.69,3033.87,5.75
1,1965,75,349.22,3616.24,5.5
1,2480,89,293.54,3015.92,1.33
0,1562,75,270.5,3103.37,2.0
1,1964,75,324.96,2365.85,1.71
0,108,75,289.44,108.33,0.0
0,2069,76,315.98,3704.02,0.67
0,1606,158,322.12,5665.93,0.9
0,1599,165,501.2,7283.08,1.67
1,2735,77,425.16,7798.14,1.5
0,2635,76,413.37,6526.52,5.62
0,1519,96,439.43,3769.18,1.83
0,1683,166,233.51,705.99,1.6
0,937,81,224.38,726.85,0.0
0,1933,151,306.49,4525.17,1.0
0,1027,123,257.88,982.49,1.0
1,1115,170,329.0,2904.7,3.0
0,2251,58,291.84,2859.96,5.75
0,1087,46,581.84,2874.43,1.09
0,1087,88,639.08,2970.19,1.09
0,1167,8,251.77,2271.72,0.0
0,157,8,291.97,292.36,0.0
1,1764,153,587.65,7563.74,2.67
1,912,122,635.13,1883.42,11.0
0,1026,86,673.27,4891.35,3.57
0,1236,86,753.54,5156.8,3.12
0,1288,139,684.55,3056.88,2.6
0,2967,170,461.27,8372.21,3.1
1,869,170,486.56,4030.15,1.75
1,1888,24,416.5,4582.37,3.0
1,1888,86,295.71,1071.64,7.0
0,1657,71,284.57,5211.78,0.25
0,1657,81,215.49,736.62,0.5
1,1135,75,317.5,1435.77,3.33
0,1355,111,265.77,870.46,0.86
0,2171,111,325.65,1477.31,1.6
0,1443,111,328.23,1337.75,1.44
0,921,137,293.22,3040.72,0.5
0,1418,58,290.86,4457.39,0.2
1,1888,111,341.5,1362.93,4.29
1,2150,84,307.59,2205.4,4.17
0,938,84,241.15,369.59,1.0
1,108,84,277.78,168.89,0.0
1,1518,75,414.11,5210.95,4.25
0,1924,151,476.1,9209.31,2.43
0,914,11,592.25,2271.99,5.0
0,1337,82,634.51,3032.98,1.77
0,1871,74,251.19,961.76,2.8
1,2519,50,267.82,756.61,3.43
1,1260,139,319.43,1199.14,6.0
1,1324,74,363.99,1195.69,11.5
1,1420,74,389.49,1301.83,28.0
0,970,75,228.12,1111.05,0.5
0,1625,75,329.17,2226.83,1.25
0,1710,135,363.89,4810.63,0.5
1,1917,170,427.86,6058.97,1.12
0,1993,75,281.64,1868.73,2.29
1,2074,75,337.9,3301.62,4.0
0,2020,111,266.41,943.37,0.82
1,2090,165,440.96,6128.81,1.45
0,1155,71,296.16,5934.29,0.83
0,1742,159,301.93,5708.51,0.45
1,2163,59,412.79,9326.32,2.3
0,1798,173,376.95,7346.9,2.0
1,2363,7,337.53,7423.37,1.15
1,1675,71,345.1,7029.06,2.29
1,1331,165,472.43,6314.7,5.0
0,1276,135,346.55,2019.87,2.75
1,1767,170,579.66,7205.7,4.8
1,899,153,754.24,4882.49,7.67
1,996,112,710.66,3409.22,5.14
0,678,135,207.17,882.21,1.0
0,2358,170,431.02,8577.84,4.57
0,1984,70,294.68,1918.55,0.92
1,983,58,280.53,1108.87,8.0
1,2050,58,318.15,1842.59,5.6
0,1400,58,231.6,1202.79,2.0
1,1447,96,610.41,2784.55,2.67
0,1166,17,580.5,1488.58,3.78
1,1189,84,648.34,2884.44,9.0
0,635,9,608.6,956.03,5.67
1,1105,135,316.29,1230.95,2.5
0,2365,75,460.54,8564.85,3.5
1,2336,165,444.81,7265.91,1.25
1,3141,170,380.92,5603.44,3.5
1,1381,148,484.78,6405.53,2.0
1,1602,159,428.88,6884.53,3.0
1,2979,170,387.15,7559.94,1.85
1,1629,135,311.05,2378.23,7.5
1,1496,173,350.53,8544.26,5.5
1,639,58,226.01,573.71,3.0
0,2598,58,271.34,1334.76,2.45
0,1304,58,581.83,3495.78,1.67
1,1173,21,760.82,3721.23,4.67
0,1316,170,661.78,3946.82,4.78
1,141,112,885.11,1433.19,2.0
1,1329,46,727.99,4582.03,5.3
1,1760,173,698.66,5398.74,5.15
1,1395,75,690.37,4217.59,4.78
1,1214,105,616.75,1824.27,5.44
0,1145,74,575.16,1269.33,2.83
0,1369,33,676.08,5673.57,4.2
1,520,135,682.15,3168.0,5.67
1,1183,84,726.8,3310.7,10.2
0,1661,84,636.63,3156.59,5.38
1,2386,8,408.83,5910.8,7.5
1,1743,133,724.65,5529.16,5.67
1,817,77,844.04,3899.12,8.75
0,841,82,700.95,5032.51,3.71
0,773,153,273.45,3349.52,0.0
1,2010,171,302.63,4216.0,2.2
0,2593,170,380.27,7036.78,1.67
0,2029,165,427.22,6432.09,1.14
0,1519,139,229.41,428.45,1.1
0,1968,139,247.53,838.17,1.29
0,1468,139,205.26,556.68,1.0
0,1693,139,227.95,862.75,1.2
1,2372,139,298.89,1236.27,3.0
1,2469,173,348.99,3645.42,1.5
0,1996,58,340.01,6015.54,0.67
1,1947,58,421.2,7058.46,1.75
0,1158,96,319.22,3918.76,0.5
1,1713,56,722.1,6198.84,6.43
0,1374,21,615.9,3177.9,3.0
1,1608,139,293.21,632.46,4.75
1,1549,139,300.19,1223.09,5.67
0,2253,86,275.21,846.92,4.5
0,2090,152,361.46,5446.97,1.0
0,1300,58,297.83,3889.34,0.0
0,2321,165,400.9,7070.54,0.73
0,2192,139,244.02,879.33,2.14
1,1263,139,297.91,1009.64,8.5
1,1793,139,263.52,859.91,2.14
1,1771,139,308.27,832.65,3.67
0,1663,86,243.43,717.01,0.82
1,2035,86,293.96,1124.49,4.5
0,1553,86,234.94,834.24,1.57
0,1805,86,263.8,842.79,2.8
0,1978,170,429.86,6362.43,2.75
1,1797,152,281.04,1329.98,1.75
0,1123,152,270.93,1828.74,1.25
0,1842,86,219.15,684.76,2.33
1,142,86,258.59,248.03,0.0
1,1953,86,262.67,813.46,3.29
1,1907,86,287.23,860.42,12.5
0,1912,86,220.98,465.16,1.0
1,2042,86,249.46,680.6,2.43
0,2226,86,225.01,1171.05,1.57
0,2160,86,272.86,1358.61,4.8
1,2243,86,277.48,1129.49,3.86
1,1428,86,378.19,893.78,20.0
1,1510,86,283.35,943.63,20.0
1,1898,86,292.86,957.12,3.83
1,1383,86,330.24,919.83,17.0
1,1910,152,682.08,5669.62,6.0
1,1261,75,759.06,5351.09,14.75
0,1465,75,639.65,4360.79,6.0
0,1172,161,671.62,3072.7,4.8
0,1104,17,653.7,3052.77,2.7
1,1336,122,682.19,2593.61,8.57
0,1698,139,250.49,1710.11,1.33
1,2291,139,371.08,1717.87,3.67
1,106,101,283.02,123.4,0.0
1,1894,139,243.04,583.02,2.0
0,1992,74,237.53,788.55,4.33
0,1729,86,256.17,603.12,0.8
0,959,86,248.57,597.18,0.6
0,2675,17,259.6,940.91,2.09
0,1741,90,635.22,2556.22,4.44
0,1232,166,591.77,753.65,40.0
0,1232,11,642.71,2602.74,9.0
0,2075,18,275.16,2328.75,1.2
0,2761,165,519.46,10850.63,3.62
0,919,141,217.48,1884.29,2.25
1,1326,165,513.62,5045.29,2.4
0,2057,86,275.59,978.9,3.0
1,1351,33,727.28,4665.92,4.73
0,3042,152,281.24,3086.61,2.07
0,2395,97,300.4,1858.92,1.18
1,1088,141,657.57,2225.96,7.0
1,921,18,324.17,1140.46,6.0
0,1945,165,435.52,5728.69,0.92
0,1714,96,367.42,1645.13,1.64
0,1971,70,302.59,927.73,1.78
0,1668,89,277.59,1773.99,2.0
1,1960,74,361.47,1380.24,5.29
1,1716,86,386.4,1917.94,4.0
1,1155,139,243.32,614.03,1.5
0,1469,170,293.18,2179.32,0.88
1,959,139,328.28,949.18,4.33
0,1856,76,352.34,1334.77,1.2
0,2104,166,292.93,666.33,2.4
0,1619,17,362.89,1548.21,5.0
0,2681,17,225.61,855.82,2.09
1,605,75,278.28,481.39,2.0
0,2199,75,283.36,2373.92,1.78
1,1115,97,363.39,932.72,3.0
0,1952,171,281.71,2041.51,2.0
0,1941,139,291.72,961.85,2.08
1,1550,139,272.55,867.06,2.0
1,2017,139,337.63,894.44,10.0
0,1519,86,240.63,447.93,1.71
1,1902,74,280.13,535.58,7.5
1,2399,74,287.49,1048.49,3.0
0,1664,123,566.54,3450.5,2.09
1,1825,89,682.98,7628.88,2.0
1,1473,58,596.37,5605.21,2.29
0,693,165,629.44,3187.36,0.25
1,2123,58,484.97,3725.71,2.23
0,1602,75,563.71,3370.97,1.33
1,1107,153,718.54,3021.95,4.2
1,1690,96,572.34,2818.15,2.18
1,1624,70,452.33,1892.4,4.0
1,747,96,559.6,778.15,3.33
1,2010,86,285.88,554.24,4.0
1,2093,86,301.0,977.52,16.0
1,1485,86,265.98,377.78,3.67
1,1055,86,310.35,894.88,9.0
1,2376,86,284.17,699.44,4.0
0,1836,111,319.71,767.55,1.62
0,1157,54,785.65,4884.43,3.7
1,2037,111,308.92,897.97,2.1
0,2203,152,298.67,1770.97,3.75
0,1169,152,335.72,1473.98,5.0
0,1026,84,571.11,2185.15,2.44
1,1473,33,641.71,4748.31,3.82
0,1835,90,705.91,2830.4,4.73
0,1214,17,223.69,570.94,1.67
1,1533,112,245.21,725.24,1.5
0,1237,24,485.04,1106.1,1.8
0,1733,112,269.05,3972.57,0.29
1,1866,170,512.09,7408.65,8.33
0,1714,86,280.29,730.82,1.56
0,2004,75,290.72,3339.55,1.67
0,1390,152,672.91,2953.29,3.55
1,1236,124,249.47,1239008.74,0.0
1,1380,105,590.57,2128.57,5.83
0,108,124,88.89,141737.22,0.0
1,1271,125,336.21,1274236.57,0.0
1,1217,126,275.55,1281870.07,0.0
1,1432,128,428.55,1302964.36,0.0
1,1095,130,369.86,1434539.29,0.0
0,1013,130,356.68,1319784.28,0.0
0,157,130,139.49,251145.1,0.0
0,43,130,40.47,28932.56,0.0
0,286,130,202.45,377203.64,0.0
0,1031,130,397.07,1569079.61,0.0
0,1121,130,494.99,1380013.92,0.0
0,319,130,200.13,455119.18,0.0
1,1080,127,439.22,1507960.0,0.0
0,302,127,173.05,387947.09,0.0
0,1090,127,463.65,1449945.14,0.0
0,1064,127,472.05,1845873.72,0.0
0,319,127,188.65,606715.3,0.0
0,988,127,459.11,1701934.74,0.0
1,959,131,709.99,2110192.87,0.0
1,942,131,667.32,1950419.75,0.0
0,294,131,239.18,301803.47,0.0
1,932,125,379.25,1428435.84,0.0
1,1020,125,819.65,2388277.18,0.0
1,1023,132,557.65,1910049.15,0.0
0,67,132,69.85,18008.06,0.0
0,629,132,176.85,404604.52,0.0
0,323,131,307.43,283256.1,0.0
0,74,131,165.41,32267.03,0.0
1,956,132,456.97,1373654.06,0.0
1,938,132,361.92,1201322.17,0.0
1,1002,131,275.75,1930326.47,0.0
0,118,131,51.86,71067.46,0.0
0,118,131,185.59,51872.03,0.0
1,937,131,338.61,1955955.3,0.0
0,186,131,136.77,120960.65,0.0
0,188,131,198.83,106443.51,0.0
1,945,131,344.13,1412066.67,0.0
1,975,132,352.8,1279384.25,0.0
0,253,132,166.48,188859.6,0.0
0,615,125,289.56,747621.76,0.0
0,333,125,155.32,296560.9,0.0
0,340,125,144.35,280020.18,0.0
1,1004,130,516.57,1462750.16,0.0
1,1053,128,591.0,1591184.84,0.0
1,998,127,261.04,886490.14,0.0
0,290,127,273.52,178292.69,0.0
0,339,127,278.05,252204.42,0.0
1,1160,129,177.98,1111847.28,0.0
0,453,128,199.6,430483.58,0.0
1,987,125,314.47,1546532.89,0.0
0,369,125,137.89,194153.98,0.0
1,1028,128,271.63,2043844.9,0.0
0,42,130,27.14,15528.57,0.0
1,1055,126,312.63,1192919.32,0.0
0,972,124,186.17,1333227.78,0.0
1,1066,129,262.06,1071568.59,0.0
0,83,125,56.39,31784.1,0.0
1,959,125,165.42,1219635.83,0.0
0,607,124,157.07,474666.43,0.0
0,87,124,92.41,39074.48,0.0
0,492,128,222.2,449774.63,0.0
0,282,128,167.87,190272.13,0.0
0,501,128,179.64,396352.22,0.0
0,396,124,311.52,232080.91,0.0
0,251,124,206.06,75699.68,0.0
0,2210,58,291.88,1942.86,1.7
1,1052,128,307.13,465347.85,0.0
0,427,128,84.87,94998.13,0.0
0,297,128,112.12,75606.06,0.0
0,550,128,204.11,145770.33,0.0
0,999,132,306.13,150714.05,0.0
0,390,132,130.77,44276.62,0.0
1,1031,128,113.07,307159.96,0.0
0,1405,137,708.38,4870.21,3.42
0,1512,86,250.91,753.77,3.67
0,1378,86,227.11,687.39,1.75
1,2278,18,328.24,8363.28,1.0
0,2131,7,344.57,7206.17,1.5
1,1745,165,405.04,5435.04,0.8
0,1360,109,593.87,6264.66,12.0
0,1360,86,329.82,1240.63,13.0
0,1689,71,384.23,8118.05,1.67
0,1689,70,248.85,984.26,1.29
1,953,123,277.21,674.8,11.0
1,2341,58,291.62,1683.43,3.5
1,1163,86,326.0,917.13,4.33
1,1712,75,673.63,4306.96,6.0
0,1146,105,673.98,1667.28,5.38
0,1679,109,467.74,6558.8,1.11
0,1679,96,382.51,1598.06,1.8
0,1168,70,265.02,803.53,2.0
1,1275,31,602.64,1551.62,0.73
1,1505,139,508.35,810.54,1.71
0,1292,96,313.47,973.28,0.8
1,1259,31,631.45,1877.01,1.55
0,1318,98,307.28,354.31,0.67
0,1315,134,467.68,1036.15,1.71
0,1972,89,303.8,1867.94,1.18
1,915,58,322.49,973.77,7.0
1,2461,86,264.84,911.82,9.0
1,1251,31,611.51,1321.58,2.2
0,405,86,226.22,351.26,1.0
1,1370,170,605.47,2615.21,1.45
1,1509,74,616.3,423.5,2.67
1,1413,31,691.34,3506.54,4.0
0,1496,111,805.39,3567.31,4.77
0,1193,173,647.78,3933.09,3.75
0,751,167,581.62,1313.37,1.33
0,1444,18,735.46,5366.05,3.57
0,1444,135,723.32,4370.48,3.07
0,945,92,772.63,4214.54,3.12
1,1475,170,418.37,5111.11,2.67
1,1475,111,327.17,1983.17,4.0
1,1850,71,414.78,10813.17,2.0
1,1850,109,519.57,6559.39,2.71
0,1544,165,402.98,4299.17,0.73
0,1544,98,371.31,959.69,4.25
0,1373,136,356.33,2968.58,1.0
1,1522,78,272.29,819.86,4.33
1,1704,173,357.96,3440.28,20.0
0,736,136,725.14,1853.89,2.0
0,1385,19,568.12,1496.4,3.88
1,1337,118,662.06,2676.17,2.62
0,1543,77,389.71,1524.46,2.0
0,1062,173,773.5,4529.27,5.22
0,1062,72,655.76,2542.82,2.36
1,927,75,718.32,4179.94,4.67
1,927,31,706.54,1856.44,8.5
0,1169,136,699.21,5155.59,3.89
0,1169,122,581.01,1127.73,3.55
1,2003,166,312.4,569.03,31.0
1,753,152,764.46,2446.93,8.67
1,1168,86,304.83,841.75,8.5
1,1989,86,305.16,798.73,10.0
1,1721,86,314.61,812.21,3.67
1,1813,63,585.64,13683.81,10.5
1,1813,152,379.59,2844.66,15.0
1,1217,151,754.51,4405.29,6.0
0,1119,153,550.13,2001.18,3.25
0,1391,152,474.48,1661.02,1.88
0,1718,137,704.39,5092.14,2.56
1,1281,86,609.56,1139.81,1.86
1,905,95,651.12,1218.36,4.38
1,905,137,927.91,7259.01,13.25
1,905,55,879.12,2912.82,6.57
0,1270,58,355.7,4211.15,2.0
0,1213,89,334.18,728.36,0.38
1,1278,133,716.2,1774.18,2.14
0,1372,123,347.67,663.76,1.6
0,1472,102,321.6,6323.44,1.0
0,1541,165,375.85,4167.1,1.14
1,928,7,318.88,7809.89,2.0
0,1424,137,295.41,5452.79,0.62
0,1990,112,305.73,1832.95,2.38
1,1738,104,305.73,752.35,3.12
0,1481,18,600.36,3688.64,1.92
1,1476,73,666.46,3138.9,3.64
1,1085,82,759.71,2990.99,5.71
1,1303,171,781.38,4677.1,8.5
0,902,31,669.84,1772.66,5.25
0,1203,151,511.22,2255.41,1.0
1,1181,151,698.56,3473.55,7.0
1,953,72,781.83,5756.03,4.25
1,1149,55,837.08,3915.09,6.88
0,1050,21,535.54,1908.0,2.0
0,1352,21,793.8,3368.74,4.67
0,1179,116,713.69,4015.98,3.5
0,1423,119,655.74,4456.02,6.5
0,928,33,692.52,3747.28,2.86
0,1348,133,322.83,734.2,0.83
0,1365,71,329.67,877.1,1.33
0,1392,18,317.03,1671.94,1.0
0,1375,18,447.8,1643.17,1.3
1,1611,33,646.89,3676.46,4.7
0,976,114,700.39,2345.84,1.55
1,1161,141,727.13,2970.9,4.4
1,1464,84,656.76,3604.02,1.7
1,1642,173,396.29,2017.42,2.4
0,1204,71,361.3,858.74,0.83
1,1279,104,305.49,837.42,4.33
0,1932,97,289.41,1109.57,4.0
1,1369,31,739.5,3353.91,6.0
0,1212,152,736.14,4411.29,3.31
1,1113,55,662.48,2851.81,5.4
1,1391,173,718.06,2750.6,2.86
0,1245,71,497.16,3499.33,1.22
0,1183,92,367.76,663.2,1.17
1,1545,2,690.56,2791.77,1.78
1,1218,18,935.96,3788.42,26.0
0,1413,151,456.82,2370.57,1.22
0,1257,18,346.3,2198.09,0.75
0,1397,133,279.17,984.91,0.33
1,1393,84,592.46,2132.05,3.5
1,1351,86,675.06,1048.78,7.33
1,1437,7,762.0,2039.67,3.67
1,1204,18,697.92,3779.35,5.5
1,1337,122,673.51,1497.26,1.75
0,1837,137,427.19,6858.68,2.8
0,1230,73,604.98,2833.41,3.5
0,992,151,626.79,3778.12,2.22
0,1465,137,691.0,4043.67,3.64
0,1267,90,644.23,1955.99,2.89
1,1588,101,666.39,1159.16,10.29
0,873,41,574.64,1763.78,1.75
0,1482,170,681.98,5846.23,4.89
1,1240,140,643.31,1898.71,3.5
0,1355,101,221.8,622.58,0.75
0,945,19,234.29,412.63,1.33
0,1697,11,560.97,2263.21,4.43
0,1044,49,629.89,1113.51,8.75
1,996,137,676.14,2432.47,4.14
0,1725,83,747.97,5840.0,3.8
0,1725,31,692.73,3685.77,4.7
1,1918,71,742.77,9846.98,5.4
1,1918,71,630.78,6130.82,1.88
1,1379,17,954.04,8909.2,3.38
1,1379,17,578.59,4085.79,4.2
0,889,9,774.47,2614.96,2.18
0,889,154,651.77,1807.42,1.07
1,1028,151,858.97,8525.84,4.25
1,1028,96,768.5,2260.39,2.27
0,1082,54,909.76,8446.86,5.0
0,1082,50,588.85,1781.2,4.67
0,1081,158,710.95,4048.81,3.0
0,1081,123,564.2,457.85,4.5
1,1254,9,837.85,3650.0,3.5
1,1254,158,587.42,2362.92,2.18
0,2315,109,442.21,6027.65,2.17
0,2315,104,235.41,979.75,2.0
1,2099,19,295.34,649.22,5.33
1,1686,137,709.86,4709.5,5.0
0,1213,137,866.17,5856.95,6.78
0,1130,46,622.41,1879.17,3.2
0,1142,145,665.2,3262.17,2.67
0,104,78,987.69,1147.5,0.0
0,1112,88,585.81,2225.72,2.5
1,1027,46,600.99,2240.62,4.38
1,1428,92,634.33,3318.74,2.64
1,1452,56,638.02,2190.74,2.36
1,1013,90,870.33,2969.14,9.8
0,1589,152,733.18,5988.26,4.27
0,1810,137,457.29,7583.37,1.33
0,1810,19,281.77,657.81,1.27
1,2507,111,507.28,7015.36,6.0
1,2507,81,323.55,1389.67,6.29
0,2281,111,377.2,4576.57,1.17
0,2281,101,247.47,971.97,2.75
0,2248,170,371.16,6095.71,0.5
0,2248,98,399.82,1600.94,2.0
1,1687,58,481.64,6082.26,8.5
0,726,76,299.92,2194.13,0.75
0,2839,58,425.71,7678.94,7.67
0,1005,145,623.1,2897.97,2.33
0,930,123,546.13,589.81,2.75
1,1092,56,763.68,2905.11,5.83
0,2072,2,362.49,5182.04,2.2
0,2192,152,260.42,2353.63,1.86
1,1194,123,611.71,1604.57,12.75
0,919,21,795.67,3718.76,3.5
0,1402,33,596.45,3152.52,2.6
0,1719,17,251.9,678.99,6.5
0,1677,152,302.75,2691.27,2.0
1,2395,152,387.76,3091.94,5.17
0,1336,152,317.11,2262.71,4.0
0,2287,111,365.64,3202.67,2.5
0,1563,139,275.05,651.13,2.6
0,1228,56,740.96,3104.56,3.2
1,1256,73,718.76,3189.22,4.5
1,1126,21,747.71,2490.85,4.86
0,1627,84,679.88,2944.17,5.5
1,1404,50,647.05,1787.52,6.5
0,2881,17,247.46,529.65,1.33
1,2102,101,275.59,834.8,1.78
0,1647,133,629.25,4305.17,2.53
1,1032,82,678.37,2205.64,4.43
1,1165,70,655.93,1721.72,3.33
1,1025,84,834.2,3162.44,16.67
0,1956,76,296.5,3422.18,1.12
1,1104,8,742.83,2822.77,9.75
1,920,140,632.28,1726.3,3.0
0,1322,105,635.72,2812.42,4.33
1,1233,11,652.17,2468.32,3.64
1,1323,137,790.57,3787.48,6.0
0,1072,71,759.57,3110.43,3.5
1,1314,153,601.37,2931.46,2.0
1,1211,152,850.45,4983.52,10.6
1,1406,170,778.04,7503.84,7.0
1,1036,74,627.16,1017.92,11.25
0,1400,139,244.37,714.43,1.33
1,1787,17,262.33,696.7,3.25
0,1475,78,238.49,860.3,1.2
1,1576,137,621.74,3156.13,2.64
1,909,21,723.63,2149.31,4.17
1,1337,170,725.56,5755.87,7.14
1,1109,153,795.53,5023.07,5.33
1,1091,54,799.63,3147.5,6.57
0,1591,135,840.83,6886.99,4.15
0,1970,17,263.7,789.02,1.62
1,1113,22,785.77,4100.49,2.4
1,1113,2,931.32,7398.17,4.0
1,1113,122,685.12,2891.7,2.58
0,1125,77,826.13,5972.21,1.21
0,1125,84,867.09,6648.59,5.8
0,1125,75,876.11,5463.57,2.6
1,1349,83,741.7,5599.3,1.3
1,1349,121,989.27,13842.79,3.33
1,1349,151,944.52,9456.78,1.88
1,1293,65,741.76,5380.84,1.29
1,1293,156,1269.79,14593.64,34.0
1,1293,88,585.24,1906.5,1.33
0,2728,148,465.62,7564.07,2.22
0,2728,58,413.29,7255.8,2.12
1,1269,148,662.84,7871.35,4.0
1,1269,58,414.37,4404.16,3.0
0,1875,26,395.74,5535.94,2.33
0,1875,97,338.91,5098.72,1.38
1,1462,17,326.18,1287.54,6.0
1,1084,145,644.45,4057.58,5.67
0,1032,11,623.66,1550.58,4.57
0,1305,56,763.26,4630.34,4.75
0,1654,78,681.15,3669.11,3.79
1,2424,17,310.77,725.0,2.64
1,924,17,275.84,699.55,5.0
1,919,74,625.46,1505.88,6.6
0,1676,90,750.5,4846.93,6.67
1,854,82,763.14,4061.17,3.71
0,1281,88,558.45,1557.19,2.77
1,1606,105,617.33,2531.25,4.55
0,1212,21,724.41,3035.64,4.67
1,1111,55,761.37,3605.18,6.6
1,1508,90,727.48,3114.11,11.0
1,971,137,644.92,2736.64,4.14
0,2019,47,377.44,6815.22,0.33
1,1716,47,419.27,6208.5,1.29
1,1409,76,382.95,3579.86,0.5
0,1959,112,616.69,3885.73,3.37
1,1434,101,629.79,1145.36,6.7
1,1072,123,591.72,672.59,11.0
1,1653,173,743.88,5914.88,4.78
1,1548,137,796.86,4171.09,4.33
1,1784,11,497.69,2127.01,0.83
0,927,105,613.92,2113.66,4.67
0,890,139,600.27,1722.61,3.67
0,1229,70,641.59,3522.67,2.92
1,1198,11,627.6,1898.91,9.2
0,2101,78,317.45,2217.54,4.4
0,2155,140,611.97,4356.08,2.91
0,1063,119,749.01,3932.4,4.11
1,1286,137,804.4,3968.12,4.88
0,135,33,872.89,1047.11,0.0
0,1169,159,557.55,1019.02,1.38
0,887,84,722.1,2050.48,5.4
0,940,166,694.21,1380.7,19.5
0,1879,50,243.42,759.4,2.6
0,1354,78,265.52,1013.93,0.86
1,1110,123,628.81,732.16,9.0
0,1173,104,604.71,1129.82,5.11
1,969,167,753.81,1899.38,4.25
0,1006,139,570.78,856.22,5.0
0,1533,153,817.61,6190.68,8.57
1,1507,98,722.67,1360.49,3.23
1,722,156,799.53,6476.76,1.2
1,722,70,608.98,1426.7,0.83
1,2780,1,385.6,6137.27,1.25
0,2268,147,367.25,5405.45,1.46
0,912,103,322.76,4045.86,0.4
0,1602,26,310.82,3393.75,0.4
1,1295,1,416.9,4235.77,1.5
1,3056,102,348.67,8492.69,3.33
1,1770,84,289.42,1203.02,1.89
0,2332,158,360.26,8246.78,1.9
1,1980,65,416.76,9895.45,4.25
1,1160,24,296.64,4481.38,0.0
1,1987,1,459.77,6673.77,4.4
0,1444,1,397.31,4995.79,2.0
0,1903,158,336.61,5475.61,1.75
1,1784,1,423.53,4725.57,3.25
0,2225,83,301.48,5953.13,0.86
0,1558,113,279.9,1266.32,0.88
0,1423,143,421.64,3275.88,1.43
0,916,20,282.51,5280.85,0.33
0,955,26,335.25,2652.13,0.4
0,1616,113,380.57,2096.58,1.25
1,1608,65,391.79,2150.82,2.4
0,1734,83,305.02,3557.58,0.42
1,1354,83,464.84,4869.48,3.5
0,2138,161,327.08,5025.49,0.58
0,2119,148,317.05,5546.39,0.23
0,2554,65,524.1,10424.12,3.6
1,1903,63,372.39,9735.29,2.25
1,1763,83,427.62,5903.41,0.5
1,2320,65,474.13,12191.09,3.14
1,1863,151,460.29,5011.11,3.0
1,1867,24,454.8,4969.46,6.5
0,1898,95,374.6,4422.23,2.2
1,1671,83,545.71,6731.31,5.25
1,132,17,262.27,19.55,0.0
1,936,24,298.59,3444.04,0.0
1,1185,1,364.71,3861.11,3.0
0,1503,102,329.62,5233.61,2.5
0,2320,83,426.26,6524.59,1.0
1,1623,65,484.88,8049.65,7.0
0,1357,89,762.31,6259.85,1.38
0,1203,7,737.51,7293.62,0.67
1,2403,83,446.49,6321.17,1.3
0,1617,1,280.74,4313.06,0.2
0,1165,81,543.76,2493.32,3.0
1,1054,71,743.91,5329.24,1.0
0,722,60,584.79,2802.96,0.23
1,1690,116,385.14,8346.14,2.33
1,2103,112,362.77,1346.31,5.67
0,1076,161,658.88,4417.97,2.11
1,1307,45,764.44,6173.3,1.64
0,2113,165,274.61,3302.02,0.0
0,2067,83,460.7,6202.21,1.13
1,925,24,463.72,4281.6,3.0
0,1950,26,439.91,5238.74,1.71
0,2019,19,223.48,493.7,1.07
1,122,19,260.16,125.9,0.0
1,1642,17,306.87,896.64,13.0
1,2280,161,319.47,2071.24,2.5
1,1762,1,500.33,6673.01,2.0
1,1288,12,750.37,3743.76,2.93
1,1882,1,513.79,5772.5,2.43
1,2006,47,423.56,7667.05,1.88
0,1943,62,384.09,5602.45,0.8
0,1248,166,545.1,873.22,4.83
0,2520,41,315.95,4095.14,0.58
0,2366,1,417.77,6733.44,1.0
1,3073,83,423.67,7557.64,1.53
1,1695,3,458.51,3946.62,3.75
1,2080,136,356.45,3623.63,2.6
1,1520,1,366.0,5307.0,0.83
0,1934,84,266.34,1385.93,1.4
0,1848,84,268.47,1893.31,0.38
0,1887,43,327.19,5754.18,0.43
0,1550,165,484.41,6163.66,1.17
1,913,65,332.2,7000.61,1.0
1,1584,47,480.04,6424.28,3.5
1,2462,24,474.25,6586.91,3.14
0,1062,47,301.81,4125.99,0.17
0,1832,83,457.43,5984.41,1.11
0,1992,98,405.09,1481.96,2.6
1,108,84,277.78,190.56,0.0
0,1838,17,221.88,555.54,0.83
1,941,141,243.76,907.01,5.0
0,1616,87,345.71,4404.5,3.0
1,1773,1,580.34,7342.4,8.5
0,1770,113,405.83,5379.15,1.0
0,1465,13,311.02,4092.12,0.33
0,1570,1,422.79,4681.45,1.22
1,2023,83,437.53,5438.44,1.67
1,1870,62,509.87,6501.59,1.33
1,2606,26,491.05,5898.07,5.0
1,2376,26,458.41,6389.22,4.5
1,2173,83,585.84,7493.76,5.8
1,1812,83,492.58,5801.59,4.0
0,2406,83,548.88,8465.69,1.64
1,2004,1,429.82,5916.41,1.57
0,2255,26,416.38,4006.86,1.23
0,2271,21,495.22,5491.92,2.89
1,992,71,410.44,4178.1,5.0
0,2292,63,348.82,8101.78,1.0
1,1183,47,640.73,6916.28,15.0
0,112,47,271.07,392.68,0.0
1,1297,62,575.94,5409.3,8.0
0,1259,24,503.21,5466.91,2.5
0,1217,10,367.0,2762.86,0.44
0,1793,26,465.68,4711.22,1.56
0,1263,166,197.58,477.58,0.25
0,2374,1,348.75,4937.59,0.73
0,2388,1,366.16,4674.2,0.79
1,2069,83,447.2,5902.88,1.71
1,1896,83,368.07,2371.27,2.83
1,2186,83,563.14,7534.61,3.14
0,1653,84,255.35,1141.6,1.0
1,108,17,277.78,0.0,0.0
0,1773,76,376.68,4893.2,1.67
1,1471,121,425.34,6030.88,6.0
0,1406,13,310.63,3959.74,0.5
1,1385,26,667.41,6515.09,17.0
0,2303,172,368.02,2708.7,1.06
1,1890,1,447.9,5263.02,9.5
1,2133,63,428.64,9751.22,3.8
1,2384,26,614.82,6725.03,6.67
1,110,1,273.27,47.45,0.0
0,1718,102,298.57,5375.17,1.4
0,1234,120,582.88,2310.19,2.27
1,1510,83,582.48,6279.38,4.33
0,1172,82,283.0,2245.49,0.29
0,943,56,303.37,2808.93,1.0
1,1854,149,352.59,4249.87,3.67
1,1958,98,340.05,848.24,2.14
1,2645,56,436.83,7872.02,2.8
1,1876,77,486.59,4714.96,4.2
1,2155,172,397.31,4768.68,2.75
1,2478,151,601.84,10734.7,2.7
0,2187,1,521.04,7178.35,3.43
0,1863,109,401.06,4235.33,0.9
0,1389,21,256.67,2991.58,0.0
1,2363,56,543.0,8490.52,10.0
1,2049,55,478.18,7249.6,4.33
1,940,83,425.94,5330.04,5.0
1,1010,158,332.26,5600.73,4.0
0,1423,65,449.52,6558.22,3.67
1,2042,113,448.24,6807.97,5.6
0,2329,56,437.78,6622.28,1.43
1,1676,163,649.19,8602.2,5.0
0,2014,172,342.24,3253.64,1.7
0,1645,133,316.52,1668.22,1.22
0,1907,116,346.31,9288.74,0.33
1,2006,151,456.94,6703.31,3.25
1,1241,172,380.64,3840.19,5.0
0,2047,56,469.01,6247.09,1.73
1,1763,56,480.1,5855.84,3.17
0,1368,82,349.91,3080.57,0.25
1,1471,109,403.24,3227.93,2.25
1,1335,56,510.79,4866.74,4.25
0,1834,172,501.04,4047.38,2.6
0,2331,172,382.86,4471.02,1.62
0,1524,56,415.71,4957.4,4.0
0,974,56,321.19,2812.48,1.33
0,1593,26,361.77,3393.11,1.14
0,2499,116,487.97,10451.86,2.6
1,2077,83,601.18,8522.05,4.6
0,1920,55,361.53,4222.25,0.92
1,1773,83,473.03,6976.24,2.2
0,1906,16,329.43,6531.88,0.83
0,1471,22,287.6,3083.05,0.17
1,1395,43,551.57,6127.78,2.75
1,2291,1,455.96,6823.24,3.25
1,1658,1,519.73,6462.96,20.0
0,1995,83,480.45,6844.66,2.29
0,1764,71,242.21,4386.84,0.36
1,991,24,525.11,5270.74,4.0
0,1159,43,713.01,5120.76,1.6
0,709,109,411.96,3296.19,2.0
1,2042,95,486.14,6046.16,8.5
1,1144,83,561.61,5686.36,5.5
1,2579,3,436.1,6069.93,2.62
0,2021,71,479.61,10857.09,4.0
0,1535,173,359.06,4156.18,1.0
0,1828,12,446.59,5272.45,1.38
0,1932,156,388.6,5297.98,1.4
0,1805,83,738.88,8006.23,1.31
0,1385,165,410.04,6024.13,0.4
0,1538,147,359.92,7110.16,1.57
0,1927,13,408.26,5754.21,1.0
0,1145,13,216.26,2092.4,0.3
0,1837,147,475.59,6934.85,2.12
0,1601,16,339.16,6733.08,1.0
0,1719,26,470.3,5136.75,1.56
0,1451,20,369.68,5790.31,1.62
1,1016,1,399.69,3990.83,1.0
1,107,1,280.37,0.0,0.0
0,2156,1,368.24,5877.36,0.5
0,1865,147,414.08,6996.58,2.29
0,1816,20,435.79,8359.76,2.71
0,1194,54,364.32,2293.87,0.86
0,1465,150,430.03,4257.62,2.4
0,1594,98,289.2,790.88,0.55
0,1172,76,302.97,3203.91,1.0
0,1798,1,438.55,6244.77,1.33
1,1362,156,718.9,6975.51,8.25
1,936,83,336.35,3394.81,1.0
0,1880,84,334.85,1688.46,1.5
1,1690,83,544.15,8537.96,1.8
1,693,65,370.56,5253.25,5.0
1,2161,83,529.17,7202.47,3.0
0,2067,24,314.51,5422.61,0.15
1,1955,158,352.45,6455.85,1.88
0,1954,65,459.15,9196.52,2.5
1,782,165,828.57,5872.33,23.0
1,1157,59,734.78,6083.49,6.4
1,1059,138,802.04,7512.01,35.0
0,1844,63,340.67,5262.89,0.91
1,2101,91,298.14,5884.37,1.6
1,2281,88,309.76,1397.15,3.2
1,1045,141,675.16,1518.55,3.9
0,940,18,644.04,3795.45,1.75
1,151,3,856.69,622.25,0.0
1,2151,1,398.41,5271.46,2.25
0,1843,83,374.49,5444.11,0.38
0,1566,95,411.92,1501.8,1.83
0,1264,109,332.33,2680.21,0.5
0,2098,1,398.52,4941.19,0.9
0,1426,151,357.01,1836.19,0.89
0,1326,151,342.99,1236.97,0.88
0,2252,1,459.99,8744.49,3.2
1,1961,84,307.83,2008.15,5.25
0,1716,88,319.58,918.29,3.4
0,1808,83,468.02,6939.26,1.67
1,1993,65,559.57,7949.02,3.67
0,986,65,285.58,4218.19,0.33
0,1802,113,394.13,5369.87,1.11
0,1899,82,384.36,3882.34,0.57
0,2559,102,285.84,6275.85,1.0
0,3185,65,482.94,8634.82,1.9
1,2080,83,501.0,11402.25,8.5
1,2022,1,370.65,4059.08,1.8
1,1503,1,489.66,5281.28,5.33
0,1297,84,304.49,862.44,2.67
1,1543,65,489.41,6539.61,3.86
0,1568,165,400.45,4984.82,0.57
1,1421,84,354.81,1657.54,3.4
0,2138,83,544.38,7599.88,3.33
0,2404,88,244.77,871.07,1.4
1,2096,141,320.07,1617.48,7.5
0,1517,150,350.15,3196.37,0.88
1,1472,84,303.22,1228.0,7.5
1,1376,24,438.05,4237.28,4.0
0,1315,65,351.24,5789.38,2.0
0,2795,43,411.33,6989.22,0.93
1,1745,26,467.52,4382.41,2.5
1,2066,19,249.79,605.43,3.4
1,1616,76,317.71,3386.4,1.6
1,2399,17,325.54,1222.96,4.4
0,1677,84,246.62,1547.19,2.0
0,1383,24,290.37,3716.92,0.14
0,2156,83,522.97,6577.85,4.0
1,996,47,385.42,4591.87,5.0
0,1552,166,222.18,375.73,1.4
1,2606,1,495.98,8417.27,6.67
0,1989,136,376.14,3968.17,1.5
1,1773,1,517.5,6969.64,8.5
0,1762,1,319.07,3976.0,0.9
1,951,83,470.35,5922.9,5.0
1,2472,1,444.59,6646.63,4.2
1,1305,1,405.7,4682.71,4.0
1,2042,140,379.8,5184.8,0.5
0,1799,76,336.39,3026.38,1.57
0,1864,87,525.42,6375.8,1.62
0,2447,165,433.34,8106.18,0.89
0,1287,72,665.92,3605.87,2.24
0,1287,84,738.32,5044.57,6.62
1,1577,57,678.87,2727.77,2.71
1,1577,24,823.15,7395.14,8.57
0,930,165,297.16,2712.13,0.0
1,1878,113,410.83,5124.76,2.2
0,1418,166,217.91,406.59,0.8
0,1215,170,653.73,2701.28,2.33
0,1215,98,659.6,1865.38,2.9
0,1730,102,615.54,2861.24,2.46
0,1730,173,776.53,8728.09,3.07
1,1388,161,689.31,3332.42,3.64
1,1388,111,846.22,5453.17,5.67
0,1496,140,670.63,3076.64,1.65
0,1496,2,652.66,4975.51,3.0
0,1438,165,382.91,4556.91,1.2
0,1282,88,272.76,1035.21,1.67
0,2158,83,537.61,6567.53,3.43
0,1382,88,248.08,1002.59,1.0
0,1796,133,344.0,2296.0,1.3
1,1398,83,505.19,5631.29,12.0
0,2073,84,261.22,1804.6,2.0
0,1446,83,447.18,6027.34,2.33
1,948,78,656.58,1555.7,4.17
1,1804,84,330.13,1481.61,3.29
0,1121,105,542.52,1103.82,2.88
0,994,65,694.35,3357.16,3.8
0,1428,165,363.61,4014.5,0.5
0,2645,88,278.25,1282.84,2.0
1,1504,118,303.79,2239.95,1.67
1,2096,141,283.8,944.28,4.67
0,1746,84,281.99,1609.79,2.83
0,1410,83,736.09,4328.04,2.83
0,1459,103,432.71,3427.9,1.43
0,1459,136,434.15,3731.47,1.38
0,1726,84,313.35,1812.03,1.67
1,1859,84,294.74,1677.77,5.2
1,1475,166,326.07,615.17,16.0
1,1363,70,704.55,2444.5,3.14
1,1363,63,704.46,8818.42,2.88
1,963,166,276.39,554.33,6.0
1,2167,16,433.29,8261.2,2.17
1,1531,113,725.92,6499.63,2.25
1,1531,24,726.11,6229.85,2.86
0,2414,65,505.48,10110.77,2.4
1,1424,19,354.31,550.45,12.0
1,1219,65,741.36,3462.63,2.46
1,1219,12,834.63,6014.86,3.64
1,138,26,940.87,727.83,1.0
1,138,25,1017.39,1249.57,1.0
0,1216,88,222.88,679.88,0.56
1,1052,82,460.89,3182.51,11.0
0,1573,120,325.48,4276.55,1.2
0,1573,84,206.13,808.42,0.2
0,1840,167,334.96,3348.33,1.29
0,1696,88,267.28,1069.25,1.43
1,2008,84,263.9,1270.43,3.33
1,1510,88,309.81,617.4,5.5
1,2294,87,396.72,5979.86,2.6
1,827,87,338.16,2668.0,2.0
1,1889,26,478.32,5467.97,1.3
0,1426,1,249.97,2326.41,2.0
1,2250,88,329.73,1255.01,4.11
1,1465,70,890.78,4175.06,6.0
1,1465,63,849.83,10975.58,2.78
1,1688,167,244.69,1575.82,2.0
1,1638,83,615.2,8280.26,3.8
1,1429,165,445.02,4813.44,1.17
1,1344,102,363.04,5796.61,7.0
1,2215,96,353.01,3880.2,1.75
1,1591,1,411.02,5094.15,2.25
0,1493,151,414.82,2430.38,1.2
0,1493,41,413.01,3433.26,1.44
1,1447,88,528.68,1947.86,2.17
1,1447,26,528.68,5798.44,1.4
1,1494,65,672.69,3517.51,2.83
1,1494,63,544.58,5364.42,2.83
1,2723,65,400.24,10436.14,1.73
0,1193,95,399.83,1028.6,0.56
0,1193,98,364.63,2316.36,1.0
0,1710,141,257.68,830.91,0.78
0,1369,166,317.75,634.01,1.6
0,1369,58,317.75,1675.53,1.6
1,1238,166,509.13,730.27,1.38
1,1238,83,510.58,4313.17,1.57
0,1383,150,341.43,2791.02,1.12
0,1383,98,325.47,2450.33,1.67
0,1430,83,463.85,4066.66,1.86
0,1235,63,303.64,254.48,0.14
1,1375,113,698.4,4294.87,2.86
0,1377,76,321.39,3747.76,0.5
0,1522,98,226.68,675.49,0.0
0,1522,95,226.99,1312.9,0.0
0,1294,95,345.44,1553.32,0.43
0,1294,98,312.98,1526.66,0.67
0,1327,95,321.02,1190.55,0.38
0,1327,98,305.65,1378.6,0.5
1,2199,95,433.21,5247.31,7.0
0,1502,95,327.56,1558.68,1.38
0,1502,98,299.6,1873.34,2.2
1,1231,83,561.59,3045.72,1.3
1,1231,98,524.01,2705.12,1.75
0,1261,95,309.37,1193.96,0.33
0,1261,63,309.33,1879.79,0.33
0,1618,95,213.23,508.29,0.0
0,1618,98,213.23,677.47,0.0
0,1305,70,333.33,850.48,1.0
0,1305,167,334.02,1403.22,1.0
0,1349,70,435.83,2406.58,1.33
0,1349,63,434.46,3204.73,0.88
1,1563,70,806.14,1942.26,4.0
1,1563,63,806.14,11291.13,2.6
1,1305,84,586.21,2346.53,1.12
1,1305,63,587.82,7585.43,1.25
1,1461,70,658.32,1911.75,7.33
1,1461,167,658.11,5777.7,4.4
1,1268,84,629.34,2829.56,1.89
1,1268,63,626.97,6336.48,3.2
0,1240,83,302.42,1917.82,0.29
0,1240,63,302.9,2169.92,0.29
1,1418,70,571.23,990.25,2.83
1,1418,83,571.23,4379.92,1.14
0,1392,70,323.28,944.74,0.67
0,1392,63,323.28,3777.28,1.0
1,1390,84,692.94,4686.35,2.44
1,1390,63,694.32,9604.23,3.67
0,1446,70,383.82,907.97,1.17
0,1446,165,383.82,3287.22,0.64
0,1388,113,324.86,1297.91,1.17
0,1388,157,324.64,2222.9,1.14
1,1458,84,669.42,2754.9,2.88
1,1458,26,670.45,4245.72,4.4
1,1271,83,638.71,2564.8,1.7
1,1271,63,640.13,6361.09,3.4
0,1340,84,302.55,1307.19,0.5
1,1340,165,630.18,5244.45,21.0
0,1629,58,257.83,550.87,0.75
1,1629,165,580.48,5232.89,3.0
1,1487,84,716.77,3321.26,3.2
0,1487,165,403.9,3680.94,1.83
1,1209,84,806.45,2726.3,7.33
1,1209,63,806.45,8412.31,11.5
0,2021,63,382.0,7965.96,0.5
1,1534,70,645.37,1242.87,8.33
1,1534,63,646.35,10129.44,4.33
0,1356,70,309.73,658.94,0.83
0,1356,63,311.95,2881.28,0.71
0,1493,1,371.69,4539.42,0.5
0,1231,1,341.19,2322.7,0.5
0,1231,165,391.63,2118.08,0.67
1,1199,70,814.68,2586.66,12.5
1,1199,63,816.18,14319.18,6.25
0,1301,138,472.94,4004.69,2.8
0,1301,63,472.94,4402.09,2.33
0,1433,95,418.7,2842.48,2.83
0,1433,28,419.54,2955.83,1.89
0,1883,16,357.0,5749.36,1.2
0,622,63,335.79,4180.23,1.0
0,1303,138,354.57,2793.75,0.67
0,1303,63,345.36,1360.2,1.33
1,1360,87,684.79,4876.19,2.67
1,1360,24,686.03,6632.78,2.43
0,1279,84,541.36,2910.26,2.17
0,1279,63,540.19,6168.13,1.56
1,1409,138,660.43,6446.27,1.0
1,1409,165,663.28,5897.5,2.83
0,1453,65,309.95,2672.66,1.12
0,1453,139,310.2,736.72,1.29
1,1407,138,650.32,5748.78,1.0
1,1407,133,650.32,5866.35,3.4
1,1386,138,819.05,4150.74,4.4
1,1386,63,813.85,8394.5,4.4
1,1446,138,851.12,4796.43,1.89
1,1446,133,853.28,5100.58,4.4
0,1459,96,421.52,4285.74,0.71
0,1459,38,398.82,11656.37,1.2
1,1209,83,645.21,5192.36,1.5
1,1209,63,646.5,8393.05,1.5
1,1294,83,498.64,2997.87,1.83
1,1294,63,498.83,4195.22,2.2
0,1350,16,318.4,3705.69,0.38
0,1350,9,311.11,1661.96,1.2
1,1470,151,778.08,4392.33,2.1
1,1470,165,775.51,6729.43,8.0
0,1488,113,292.34,1682.1,0.67
0,1488,148,292.34,978.47,1.17
0,2561,16,361.8,7233.46,1.08
1,2709,83,392.54,5850.12,1.09
1,999,16,310.45,6474.41,4.0
1,1190,82,346.29,3278.87,1.0
1,1063,70,646.11,1792.61,2.67
1,1063,81,658.76,1816.76,22.0
1,897,152,717.32,2812.04,6.17
1,897,92,760.54,3982.68,6.71
1,1320,19,628.27,1265.0,4.0
1,1483,112,452.93,1900.9,1.07
1,1483,112,719.64,5138.11,2.22
0,1520,148,321.36,4263.12,0.5
0,1687,1,383.33,5241.66,1.0
0,2044,165,490.6,7563.43,1.5
1,2245,62,522.55,7444.01,4.67
1,2245,70,253.87,796.84,1.42
1,1825,28,426.9,5683.23,2.0
1,1825,88,291.25,957.5,4.0
1,2186,83,460.4,6811.89,3.6
1,2186,84,304.47,1719.19,4.4
0,1921,1,347.63,5231.18,0.17
0,922,113,246.51,2398.89,0.2
1,1820,164,332.21,4967.8,0.25
1,1820,4,571.45,7199.8,4.5
1,1987,54,483.5,6235.35,5.0
1,1987,88,273.82,1323.17,1.56
0,188,111,210.64,0.0,0.0
0,188,17,217.98,61.91,0.0
0,709,75,673.37,3198.53,1.33
0,709,17,782.96,1748.12,1.4
0,2004,165,420.78,5869.85,0.91
1,1641,63,357.88,7724.46,2.0
1,111,16,312.97,2188.11,0.0
0,1213,173,604.4,2051.43,1.67
0,1213,150,750.27,4354.03,1.69
1,1618,71,488.71,9556.8,3.6
1,1618,111,576.64,5473.76,8.0
1,1942,47,533.17,9402.61,4.75
1,1942,16,426.98,9657.93,0.73
1,1019,83,793.25,3900.47,3.08
1,1019,133,813.62,4145.65,8.67
0,652,109,551.32,1231.66,4.0
0,652,109,563.01,3668.28,0.67
1,1765,164,712.73,8735.18,1.91
1,1765,164,939.71,12547.17,2.2
1,1590,63,689.09,5648.75,1.7
1,1590,63,549.47,5363.66,1.64
0,830,165,499.23,2594.82,0.33
0,830,165,523.3,3631.59,0.4
1,1518,141,436.4,2745.93,2.83
1,1518,141,555.06,4403.83,8.0
0,1677,8,447.01,2436.82,1.08
0,1677,8,657.03,7011.95,1.78
0,1973,95,285.65,3157.01,0.93
0,1973,54,445.79,6258.85,2.78
0,2813,47,397.73,7235.41,1.18
0,1138,16,386.84,6803.83,2.0
1,1167,16,342.42,5237.63,6.0
1,983,163,687.47,6320.02,3.0
1,965,47,613.62,5044.6,2.33
1,965,47,600.62,5616.12,2.0
1,1167,11,502.67,2073.32,2.6
1,1167,11,948.23,8609.25,4.4
1,1437,41,546.85,2436.91,3.0
1,1437,41,743.13,6183.42,2.67
0,1324,117,591.75,3411.44,1.75
0,1324,117,659.55,5175.09,2.5
0,1763,113,382.05,4062.34,0.82
0,1889,65,527.14,7285.03,1.85
1,2200,1,484.83,6745.55,1.5
0,1771,148,417.32,4686.98,1.8
1,821,148,869.01,6144.04,8.0
1,1806,165,568.97,8465.38,5.0
0,1586,63,358.37,8057.21,0.56
1,1185,41,450.68,1972.2,1.0
1,1185,41,631.39,4155.14,10.0
0,1365,151,475.03,2242.9,1.12
0,1365,151,699.47,6801.71,2.5
1,1537,56,590.75,4820.14,1.5
1,1537,56,591.49,4278.27,2.8
1,1168,150,453.44,1897.65,0.83
1,1168,150,499.52,3977.26,1.0
0,1007,148,393.84,3985.26,0.5
0,1007,22,271.4,631.28,3.0
0,1616,165,471.2,5719.34,1.62
1,941,165,496.26,4571.22,4.0
0,2289,1,339.06,5414.08,0.62
0,1867,63,376.33,5752.13,0.93
1,2429,63,439.46,8787.54,2.86
0,1256,148,413.17,2984.71,0.57
0,1256,22,229.87,864.55,0.0
0,1057,65,372.77,6276.16,1.5
0,1057,121,299.32,3402.12,1.0
0,808,52,480.07,1806.76,1.17
0,808,52,666.46,3090.0,1.0
1,1138,5,542.9,1734.57,6.0
1,1138,5,680.72,4791.67,1.8
0,1215,156,906.62,6988.44,8.0
0,1215,92,663.01,2484.59,1.84
0,1235,109,1025.98,9148.62,4.08
0,1235,133,629.34,3876.78,3.33
1,1517,63,472.8,6593.79,5.0
1,1927,102,430.65,7154.57,8.25
0,829,92,497.59,3522.2,2.2
0,829,92,691.12,4613.27,5.0
0,2122,1,385.25,7026.9,0.73
1,1118,1,433.52,5658.78,1.5
0,769,54,711.34,4336.15,1.0
0,1936,117,644.91,5335.54,4.25
0,1201,22,429.94,1812.04,2.17
0,1201,148,512.92,4148.54,2.0
1,1320,151,619.77,2743.41,1.53
1,1320,18,702.64,4385.95,5.86
1,2083,109,599.54,7160.94,2.55
1,2083,88,321.95,1017.44,2.0
1,1774,83,478.34,6255.9,3.75
0,1650,1,369.6,4258.73,0.78
0,2250,1,388.8,5574.53,1.0
0,1661,1,292.7,3023.15,0.31
1,1779,1,482.09,5517.2,3.6
1,3131,113,349.77,6348.56,0.81
1,1689,1,558.05,5570.91,6.75
0,2548,89,297.13,3754.07,2.5
0,1837,26,357.06,4069.03,0.38
0,2120,16,362.77,7686.25,1.0
1,1423,24,463.43,4518.3,6.0
0,2294,109,582.71,9266.73,2.5
0,2294,84,299.14,1740.18,3.43
0,1202,16,706.97,5048.34,0.6
1,2821,1,536.19,8251.44,8.25
1,1668,1,464.42,6027.77,19.0
0,1323,1,473.79,5186.17,1.2
0,855,65,825.82,6570.81,2.67
1,764,65,904.95,7550.42,13.0
0,2471,1,411.23,4481.3,2.75
1,927,65,348.74,3665.37,2.33
0,2067,118,395.76,4655.18,1.78
1,2484,113,442.83,5780.75,2.67
1,974,113,472.92,4138.52,7.0
0,1282,109,750.19,5185.09,0.53
0,987,71,719.88,4458.18,0.91
0,643,141,655.05,2535.21,1.0
0,1121,133,634.95,4584.57,0.64
1,1198,65,717.15,5765.46,1.21
1,1198,148,964.41,6915.83,1.42
1,1073,171,667.49,2366.73,2.62
1,1073,157,1122.78,12471.11,6.5
1,695,166,678.47,1134.65,13.0
1,695,156,1011.63,8021.7,4.0
1,798,113,728.87,2119.55,3.0
1,798,56,1121.95,9736.54,5.25
0,776,122,560.41,1569.97,0.89
1,1459,113,761.49,4844.62,1.73
0,1412,140,732.07,4990.24,2.5
0,1667,16,373.07,4471.75,1.22
0,1039,141,603.58,1548.97,3.43
1,2462,18,378.3,5953.5,0.73
1,2462,133,252.4,1137.27,0.92
1,1116,141,486.02,4702.85,14.0
1,1116,17,323.49,611.94,11.0
1,2604,83,503.39,8715.65,3.67
1,1157,75,787.73,3212.98,5.22
0,2369,83,476.88,6963.14,1.45
1,1936,83,561.2,5806.55,4.4
0,2403,102,274.68,5013.31,1.3
1,2707,109,348.01,5170.93,0.93
0,1761,109,442.83,4392.91,1.15
0,1547,103,325.6,5401.36,0.91
1,1303,113,583.88,2056.76,2.85
1,1482,56,635.99,3000.81,2.17
0,1702,2,668.35,3762.2,2.0
1,1450,1,760.92,5264.4,6.44
0,1304,78,596.73,2257.09,3.23
0,1355,1,417.48,5413.06,1.2
1,2086,83,447.21,5632.15,1.4
0,2482,26,472.12,5493.99,2.0
1,1170,84,357.74,1214.72,3.67
0,108,88,277.78,177.78,0.0
1,1745,84,320.84,1560.89,1.29
1,2991,63,393.0,9110.93,2.27
1,1663,95,358.74,3500.17,0.9
1,1663,71,526.15,8877.01,3.43
0,2070,102,365.51,6903.39,2.62
0,2070,82,510.7,4780.29,2.2
0,2370,1,371.87,5604.08,0.64
0,1391,62,352.15,4878.12,0.25
1,2325,84,378.14,2810.86,1.83
1,1783,83,594.72,6658.62,4.75
0,2286,148,426.48,5982.34,0.75
1,2080,63,463.5,8862.06,3.12
0,2084,3,331.64,3805.11,1.67
0,2084,96,303.74,3111.33,0.75
0,1972,109,491.41,5691.42,1.29
0,1972,98,438.47,1309.14,2.25
1,2283,153,565.47,7085.81,3.25
1,2283,109,395.16,5475.3,0.26
1,2429,109,522.07,7468.11,1.62
1,2429,98,421.61,2009.59,1.87
0,1725,163,423.55,4875.51,0.75
0,1725,76,342.68,1900.83,2.0
1,2259,75,339.36,2378.91,1.0
1,2259,84,442.66,4230.04,2.38
0,945,56,740.51,2473.08,2.73
0,2013,109,359.7,4818.99,0.67
0,2013,24,337.97,1657.53,1.36
1,2188,109,350.16,3422.52,1.4
1,2188,63,534.27,12655.31,3.33
1,1601,161,367.65,4225.67,11.0
1,1601,24,356.63,2522.25,8.0
0,914,109,278.6,2217.31,0.25
0,914,24,270.72,803.89,0.29
1,1639,96,404.3,2841.96,1.44
1,1639,98,430.07,1700.1,2.33
1,1356,165,491.42,5370.27,1.2
1,1356,141,282.35,705.27,2.75
1,1805,70,337.66,908.81,8.0
0,2272,62,488.95,7426.77,3.29
0,2272,52,361.0,6466.48,1.64
1,2634,140,459.82,5906.15,1.71
1,1631,91,422.43,8328.23,3.5
1,138,83,270.43,440.87,0.0
1,1731,98,730.54,2170.36,3.31
1,1953,161,654.59,2802.21,3.44
1,1953,4,899.57,8208.63,4.2
1,1596,141,309.17,857.63,6.33
1,1596,148,364.14,4272.86,2.0
1,2000,84,268.98,1006.05,1.8
1,2000,83,485.43,6997.23,2.8
0,985,65,656.83,2710.05,2.3
0,1552,150,409.29,3889.79,0.92
0,1415,1,662.46,4376.69,1.87
0,2076,71,271.24,5930.4,0.55
0,2076,109,621.47,7488.27,2.0
1,1777,165,450.73,6587.44,9.0
1,1777,171,267.86,871.06,2.25
1,1966,109,575.1,7364.89,2.71
1,1966,141,305.92,467.7,2.71
0,1533,1,483.64,5521.6,2.75
0,1406,141,262.19,786.87,0.7
0,1612,141,261.33,386.28,1.5
0,771,141,288.72,342.02,1.33
1,1363,65,957.09,6396.32,4.93
0,1713,85,309.07,2991.73,1.0
1,1180,83,706.47,3595.32,2.83
0,2617,18,340.9,8201.06,1.23
0,2617,109,361.51,4763.96,0.54
0,1912,109,371.23,4641.28,0.73
0,812,144,784.66,3630.74,2.7
1,1082,19,672.2,898.95,4.78
0,1073,96,764.45,2601.36,2.31
0,923,63,1069.34,4909.27,1.57
0,1189,83,777.12,3562.3,1.17
1,1006,166,1361.93,1477.81,6.33
1,1020,63,1146.47,3244.76,2.14
0,1015,71,715.92,3599.59,0.86
1,1103,113,1297.37,6611.26,5.25
0,1801,109,420.5,4809.83,1.33
0,2250,63,392.77,7954.03,1.2
1,1119,86,639.2,1288.69,5.0
1,2499,87,494.86,9227.23,5.4
0,1100,98,749.13,1540.75,3.4
1,1146,164,663.09,4553.72,2.0
1,1146,149,753.61,4151.26,5.8
1,931,98,1230.93,2953.79,1.67
1,931,165,1253.49,4566.77,1.29
1,1073,71,1297.07,4754.37,1.78
1,1073,165,1300.99,5921.55,4.5
1,1056,85,1085.23,4660.51,1.86
1,1056,165,1085.23,6303.01,2.6
0,1835,85,352.87,5176.58,0.9
0,1016,85,1108.76,4621.77,0.9
1,1193,71,1129.84,7023.12,2.0
0,1002,85,722.16,3249.46,0.75
0,1002,165,723.23,2326.29,1.4
0,1006,85,676.94,2873.2,0.0
0,1006,165,676.94,1547.12,0.14
0,918,83,1248.37,5926.41,2.4
0,918,63,1248.37,5446.54,0.86
1,1769,82,836.17,6666.51,2.45
1,2211,109,612.86,8812.13,4.29
0,1809,71,303.35,4499.2,0.64
1,2209,71,417.15,5956.92,2.75
0,1241,164,705.16,4453.59,1.94
0,889,33,607.56,3720.81,2.3
0,1844,109,327.72,3578.04,0.44
1,1159,3,669.47,1831.63,1.85
0,1021,3,987.27,3579.37,1.5
0,1021,165,227.42,2677.08,2.33
0,889,83,836.9,2694.53,1.0
0,889,63,836.9,2870.08,1.0
1,987,83,1217.33,6272.4,1.86
1,987,165,1182.37,6335.44,2.6
1,885,83,1343.86,3676.41,2.0
1,885,63,1344.68,7128.27,5.0
1,777,83,1216.22,5582.55,1.43
1,777,63,984.56,4458.76,1.67
0,1030,109,763.11,4752.12,0.55
0,1030,83,763.11,4747.46,1.33
1,1053,83,1133.9,5008.72,2.67
1,1053,165,1133.62,3229.69,3.0
1,936,83,1201.92,2583.53,1.12
1,936,63,1201.92,5582.88,1.67
1,871,83,1388.06,4732.22,3.0
1,871,63,1391.5,5471.99,3.4
1,967,83,1228.85,5484.45,2.6
1,967,63,1229.16,5615.8,2.17
0,1380,34,636.57,3400.0,3.78
0,1846,65,298.93,5661.87,0.47
1,1497,84,347.82,1144.45,6.0
1,1598,70,398.67,1100.58,7.0
0,1160,92,774.72,3546.0,2.26
1,941,165,1284.8,4094.92,9.0
0,941,1,791.16,2834.41,0.88
1,1168,1,1171.23,4398.7,4.0
1,1168,165,1171.23,6166.44,2.43
1,1899,109,375.83,5495.23,0.8
1,1899,95,537.69,7421.17,3.6
1,2239,109,382.83,4721.8,2.44
1,1922,63,488.09,10386.59,10.0
1,1130,109,872.92,6277.65,6.8
1,1198,102,346.23,6402.17,5.0
1,2038,24,346.37,4139.44,2.4
0,992,83,667.44,1459.72,0.0
1,1735,102,405.72,6851.45,5.25
0,143,65,852.17,744.76,0.0
1,1119,83,1099.2,5844.56,2.0
1,1119,148,1099.2,4735.55,4.5
0,965,118,562.63,2449.06,1.54
0,927,83,825.24,3252.75,0.89
0,927,148,829.13,2137.54,1.67
1,1059,83,1318.7,6772.63,1.71
1,1059,148,1329.29,7782.95,4.0
1,1144,83,1020.1,7102.45,2.14
1,1144,63,1020.1,7867.29,2.29
1,865,83,1373.41,6038.91,3.75
1,865,63,1373.41,8578.2,2.8
1,991,83,1198.79,5042.85,2.25
1,991,148,1198.79,4828.76,3.6
1,833,83,1426.17,6147.88,1.29
1,833,63,1426.17,8791.55,4.67
1,984,83,1207.32,3759.94,2.8
1,984,63,1207.32,4352.56,4.0
1,1193,83,1033.78,5707.04,2.09
1,1193,148,1042.58,5415.64,5.75
1,791,83,1554.99,6044.91,2.5
1,791,63,1554.99,5488.14,1.75
1,1103,1,1077.06,3790.23,3.2
1,1103,63,1077.06,6019.58,2.5
1,1098,83,1303.28,4296.72,4.2
1,1098,63,1303.28,6388.42,6.33
0,904,83,823.01,2099.34,0.62
0,904,113,823.01,2365.69,1.0
0,1038,113,1104.05,3307.34,1.0
0,1038,83,1104.05,4412.31,1.67
1,1129,158,1211.69,4676.23,1.4
1,1129,148,1211.69,2622.89,2.67
1,1827,24,375.76,4003.74,4.5
0,1574,83,469.1,5504.03,2.0
0,1219,83,844.13,4343.82,2.8
1,1140,83,1228.95,7058.05,1.86
1,980,83,1169.39,3904.9,1.57
1,808,83,1247.52,6034.23,8.5
